Date,A Shares,H Shares,CNYHKD,CSI300,Hang Seng Index
2014-06-25,6.51538,9.911211,1.2433,2133.37,22866.7
2014-06-26,6.619561999999999,10.582905,1.2453,2149.08,23197.83
2014-06-27,6.667646,10.388859,1.2466,2150.26,23221.52
2014-06-30,6.6275770000000005,10.269447999999999,1.2494,2165.12,23190.72
2014-07-02,6.507366,10.627684,1.2479,2170.87,23549.62
2014-07-03,6.531407,10.896361,1.2475,2180.19,23531.44
2014-07-04,6.787856,11.791953,1.249,2178.7,23546.36
2014-07-07,7.020261,11.717319,1.2493,2176.29,23540.92
2014-07-08,6.95615,11.866585,1.2496,2180.47,23541.38
2014-07-09,6.8599820000000005,11.582981,1.2502,2148.71,23176.07
2014-07-10,6.964164,11.568052999999999,1.2496,2142.85,23238.99
2014-07-11,7.060332000000001,11.388936,1.2493,2148.01,23233.45
2014-07-14,7.1164309999999995,11.344156,1.2488,2171.76,23346.67
2014-07-15,7.100401,11.568052999999999,1.2484,2174.98,23459.96
2014-07-16,6.9721779999999995,11.538200999999999,1.2491,2170.87,23523.28
2014-07-17,6.9000509999999995,11.433715,1.2493,2157.07,23520.87
2014-07-18,7.124444,11.702394,1.2486,2164.14,23454.79
2014-07-21,7.164513,11.762098,1.2484,2166.3,23387.14
2014-07-22,7.356851,12.090483,1.2495,2192.7,23782.11
2014-07-23,7.525144,12.777104,1.2503,2197.83,23971.87
2014-07-24,7.829675999999999,12.971147,1.2512,2237.02,24141.5
2014-07-25,7.861732000000001,12.463647,1.2516,2260.45,24216.01
2014-07-28,7.893787,12.553205,1.2526,2323.9,24428.63
2014-07-29,8.013997999999999,12.523354,1.2537,2331.37,24640.53
2014-07-30,7.71748,12.31438,1.2557,2322.01,24732.21
2014-07-31,7.933857000000001,12.806955,1.2553,2350.25,24756.85
2014-08-01,7.8056339999999995,12.612910000000001,1.2541,2329.4,24532.43
2014-08-04,7.973927000000001,12.702472,1.2542,2375.62,24600.08
2014-08-05,7.8056339999999995,12.583057,1.2559,2369.35,24648.26
2014-08-06,7.677411,12.56813,1.2575,2363.22,24584.13
2014-08-07,7.629326,12.224821,1.2581,2327.46,24387.56
2014-08-08,7.565214,11.478496,1.2591,2331.13,24331.41
2014-08-11,7.701452000000001,11.926291,1.2595,2365.35,24646.02
2014-08-12,7.6613809999999996,12.194968,1.2587,2357.05,24689.41
2014-08-13,7.6533679999999995,12.523354,1.2595,2358.9,24890.34
2014-08-14,7.501100999999999,12.090483,1.2597,2335.95,24801.36
2014-08-15,7.533157000000001,12.060628999999999,1.2608,2360.64,24954.94
2014-08-18,7.51713,11.791953,1.2616,2374.56,24955.46
2014-08-19,7.533157000000001,11.642686999999999,1.262,2374.77,25122.95
2014-08-20,7.380892,11.568052999999999,1.2622,2366.14,25159.76
2014-08-21,7.477059,11.403862,1.2598,2354.24,24994.1
2014-08-22,7.493088,11.299377,1.2596,2365.36,25112.23
2014-08-25,7.340821000000001,11.090406,1.2594,2342.86,25166.91
2014-08-26,7.340821000000001,11.254597,1.2596,2324.09,25074.5
2014-08-27,7.340821000000001,11.015773,1.2615,2327.59,24918.75
2014-08-28,7.228625999999999,10.657537,1.2615,2311.28,24741.0
2014-08-29,7.308766,10.836656,1.2615,2338.29,24742.06
2014-09-01,7.348836,10.747096,1.2616,2355.32,24752.09
2014-09-02,7.412949,10.687389,1.2607,2386.46,24749.02
2014-09-03,7.613297,11.209817999999999,1.262,2408.84,25317.95
2014-09-04,7.749536,11.433715,1.2626,2426.22,25297.92
2014-09-05,7.877758999999999,11.463569,1.262,2449.26,25240.15
2014-09-10,7.581242,11.209817999999999,1.2644,2432.43,24705.36
2014-09-11,7.565214,11.120258,1.2643,2423.45,24662.64
2014-09-12,7.565214,10.911287,1.2633,2438.36,24595.32
2014-09-15,7.412949,10.821728,1.2621,2437.19,24356.99
2014-09-16,7.380892,10.732169,1.2611,2388.77,24136.01
2014-09-17,7.428976,10.732169,1.2624,2401.33,24376.41
2014-09-18,7.39692,10.448564999999999,1.2621,2408.66,24168.72
2014-09-19,7.43699,10.493345,1.2622,2425.21,24306.16
2014-09-22,7.3889059999999995,10.463492,1.2623,2378.92,23955.49
2014-09-23,7.477059,10.612757,1.2628,2399.46,23837.07
2014-09-24,7.565214,10.776949,1.2637,2441.86,23921.61
2014-09-25,7.525144,10.687389,1.2636,2436.97,23768.13
2014-09-26,7.477059,10.329153,1.2662,2437.2,23678.41
2014-09-29,7.3889059999999995,10.25452,1.2626,2447.8,23229.21
2014-09-30,7.356851,10.239594,1.2648,2450.99,22932.98
2014-10-08,7.565214,10.702316,1.2637,2478.38,23263.33
2014-10-09,7.589256,10.642611,1.2652,2481.96,23534.53
2014-10-10,7.669395,10.687389,1.2655,2466.79,23088.54
2014-10-13,7.725492999999999,10.672463,1.2663,2454.95,23143.38
2014-10-14,7.621312,10.747096,1.2665,2446.56,23047.97
2014-10-15,7.541172,10.59783,1.2661,2463.87,23140.05
2014-10-16,7.461032,10.388859,1.2670000000000001,2444.4,22900.94
2014-10-17,7.493088,10.717242,1.2665,2441.73,23023.21
2014-10-20,7.493088,10.747096,1.2667,2454.71,23070.26
2014-10-21,7.3889059999999995,10.59783,1.2668,2433.39,23088.58
2014-10-22,7.372878,10.612757,1.2679,2418.64,23403.97
2014-10-23,7.292737,10.612757,1.2676,2395.94,23333.18
2014-10-24,7.284724000000001,10.791875,1.2683,2390.71,23302.2
2014-10-27,7.036289,10.433639,1.2683,2368.83,23143.23
2014-10-28,7.228625999999999,10.582905,1.2687,2416.65,23520.36
2014-10-29,7.3889059999999995,10.791875,1.2689,2451.38,23819.87
2014-10-30,7.356851,10.896361,1.2681,2468.93,23702.04
2014-10-31,7.533157000000001,10.791875,1.2686,2508.32,23998.06
2014-11-03,7.453017999999999,10.98592,1.2670000000000001,2512.55,23915.97
2014-11-04,7.525144,11.120258,1.2675,2513.17,23845.66
2014-11-05,7.445003,11.105333,1.2678,2503.45,23695.62
2014-11-06,7.477059,10.911287,1.2683,2506.07,23649.31
2014-11-07,7.533157000000001,10.851582,1.2663,2502.15,23550.24
2014-11-10,7.677411,10.642611,1.2673,2565.73,23744.7
2014-11-11,7.693438,10.508271,1.2661,2558.61,23808.28
2014-11-12,7.781592,10.478417,1.2658,2594.32,23938.18
2014-11-13,7.621312,10.329153,1.2659,2579.75,24019.94
2014-11-14,7.749536,10.657537,1.265,2581.09,24087.38
2014-11-17,7.589256,10.359005999999999,1.2657,2567.1,23797.08
2014-11-18,7.445003,10.194814,1.2669,2541.42,23529.17
2014-11-19,7.364862,10.135108,1.2670000000000001,2537.22,23373.31
2014-11-20,7.404933,10.284374,1.2662,2537.1,23349.64
2014-11-21,7.509116000000001,10.344081,1.2667,2583.46,23437.12
2014-11-24,8.134207,11.717319,1.2627,2649.26,23893.14
2014-11-25,8.07811,11.299377,1.2635,2685.56,23843.91
2014-11-26,8.094138000000001,11.41879,1.2632,2723.02,24111.98
2014-11-27,8.230376,11.478496,1.263,2754.49,24004.28
2014-11-28,8.735257,11.851659,1.2619,2808.82,23987.45
2014-12-01,8.526894,11.538200999999999,1.2609,2819.81,23367.45
2014-12-02,8.7593,11.657614,1.2609,2923.94,23654.3
2014-12-03,8.975677000000001,12.239747999999999,1.2604,2967.55,23428.62
2014-12-04,9.368363,12.612910000000001,1.2594,3104.35,23832.56
2014-12-05,9.184041,12.702472,1.2599,3124.89,24002.64
2014-12-08,9.857217,13.34431,1.256,3252.88,24047.67
2014-12-09,9.151985,12.896516,1.2529,3106.91,23485.83
2014-12-10,9.576727,12.821882,1.2551,3221.55,23524.52
2014-12-11,9.640839,12.463647,1.2526,3183.01,23312.54
2014-12-12,9.368363,12.448721,1.2525,3193.23,23249.2
2014-12-15,9.055816,12.150189,1.2518,3217.23,23027.85
2014-12-16,9.240139,11.777025,1.2526,3303.4,22670.5
2014-12-17,9.560699000000001,12.060628999999999,1.2515,3360.6,22585.84
2014-12-18,9.312265,11.97107,1.2479,3345.93,22832.21
2014-12-19,9.200068,11.97107,1.2463,3383.17,23116.63
2014-12-22,9.392406,12.239747999999999,1.2462,3394.48,23408.57
2014-12-23,9.416447,12.299455,1.2459,3324.92,23333.69
2014-12-24,8.839438000000001,12.01585,1.2487,3230.39,23349.34
2014-12-29,9.961399,12.583057,1.2464,3455.46,23773.18
2014-12-30,10.129693,12.95622,1.2506,3457.55,23501.1
2014-12-31,11.139457,12.911442,1.2497,3533.71,23605.04
2015-01-05,11.948871,14.762329999999999,1.2469,3641.54,23721.32
2015-01-06,11.508101,14.060782999999999,1.248,3641.06,23485.41
2015-01-07,11.403917999999999,13.56821,1.2482,3643.79,23681.26
2015-01-08,10.891022999999999,13.299531,1.2479,3559.26,23835.53
2015-01-09,10.778825999999999,13.612988,1.2487,3546.72,23919.95
2015-01-12,10.514364,13.209971,1.2497,3513.58,24026.46
2015-01-13,10.474295,13.239825,1.2506,3514.04,24215.97
2015-01-14,10.498338,13.493576000000001,1.2513,3502.42,24112.6
2015-01-15,11.035275,13.717472,1.2528,3604.12,24350.91
2015-01-16,10.834926,13.060706,1.2486,3635.15,24103.52
2015-01-19,9.753035,12.239747999999999,1.2463,3355.16,23738.49
2015-01-20,9.897288,12.463647,1.2477,3396.22,23951.16
2015-01-21,10.458266,13.269679,1.2476,3548.89,24352.58
2015-01-22,10.883009,13.329382999999998,1.2487,3567.61,24522.63
2015-01-23,11.155485,13.627915,1.2446,3571.73,24850.45
2015-01-26,10.979175999999999,13.374166,1.2392,3607.99,24909.9
2015-01-27,10.562449,12.986073,1.2417,3574.93,24807.28
2015-01-28,10.418197,12.971147,1.2408,3525.32,24861.81
2015-01-29,10.426211,12.627838,1.2409999999999999,3481.8,24595.85
2015-01-30,10.514364,12.597983000000001,1.2401,3434.39,24507.05
2015-02-02,10.32203,12.896516,1.2385,3353.96,24484.74
2015-02-03,10.386141,13.209971,1.239,3437.45,24554.78
2015-02-04,10.257916999999999,13.001,1.2408,3401.77,24679.76
2015-02-05,10.177777,13.075633999999999,1.2398,3366.95,24765.49
2015-02-06,9.74502,12.553205,1.2415,3312.42,24679.39
2015-02-09,9.761047999999999,12.433792,1.2411,3345.92,24521.0
2015-02-10,9.953385,12.612910000000001,1.2422,3406.94,24528.1
2015-02-11,9.945371000000002,12.74725,1.2422,3434.12,24315.02
2015-02-12,9.993455,12.821882,1.2415,3442.87,24422.15
2015-02-13,10.225862,13.001,1.2428,3469.83,24682.54
2015-02-16,10.129693,13.001,1.2416,3499.48,24726.53
2015-02-17,10.233875,13.195046,1.2406,3522.32,24784.88
2015-02-25,9.937358,12.836808,1.2392,3478.73,24778.28
2015-02-26,10.297987,13.374166,1.239,3566.3,24902.06
2015-02-27,10.217848,13.284602,1.237,3572.84,24823.29
2015-03-02,10.233875,13.209971,1.2364,3601.27,24887.44
2015-03-03,9.777077,12.672617,1.236,3507.9,24702.78
2015-03-04,9.793106,12.672617,1.2367,3530.82,24465.38
2015-03-05,9.536657,12.418865,1.2377,3496.34,24193.04
2015-03-06,9.568712,12.344234,1.2385,3478.52,24164.0
2015-03-09,9.793106,12.31438,1.2387,3537.75,24123.05
2015-03-10,9.632826,11.941216,1.2395,3520.61,23896.98
2015-03-11,9.560699000000001,11.777025,1.2409,3524.65,23717.97
2015-03-12,9.793106,11.911365,1.2406,3592.84,23797.96
2015-03-13,9.801117999999999,12.31438,1.2408,3617.66,23823.21
2015-03-16,10.009482,12.538277,1.24,3705.67,23949.55
2015-03-17,10.121678,12.642764,1.2421,3757.12,23901.49
2015-03-18,10.530393,12.911442,1.2456,3846.06,24120.08
2015-03-19,10.314014,13.001,1.2523,3839.74,24468.89
2015-03-20,10.530393,13.299531,1.2503,3892.57,24375.24
2015-03-23,10.7067,13.374166,1.2481,3972.06,24494.51
2015-03-24,10.458266,13.18012,1.2499,3973.05,24399.6
2015-03-25,10.241889,12.866660000000001,1.2482,3940.41,24528.23
2015-03-26,10.378126,12.777104,1.2485,3950.0,24497.08
2015-03-27,10.698687,13.284602,1.2474,3971.7,24486.2
2015-03-30,11.411932,13.926445000000001,1.2493,4088.18,24855.12
2015-03-31,11.075345,13.732399,1.2504,4051.2,24900.89
2015-04-01,10.995205,13.493576000000001,1.2508,4123.9,25082.75
2015-04-02,10.891022999999999,13.598060999999998,1.251,4124.78,25275.64
2015-04-08,11.075345,14.045857,1.2495,4295.8,26236.86
2015-04-09,11.732493,14.299607,1.2488,4262.14,26944.39
2015-04-10,11.476046,14.433945999999999,1.2483,4344.42,27272.39
2015-04-13,11.516114,14.404093,1.2467,4421.07,28016.34
2015-04-14,11.315763,14.195124,1.2481,4438.18,27561.49
2015-04-15,11.139457,14.21005,1.2493,4380.51,27618.82
2015-04-16,11.460017,14.314532999999999,1.251,4513.55,27739.71
2015-04-17,11.756535000000001,14.568285999999999,1.2508,4596.14,27653.12
2015-04-20,11.387891,14.299607,1.2496,4521.92,27094.93
2015-04-21,11.604268,14.419023000000001,1.2497,4619.16,27850.49
2015-04-22,11.924828999999999,15.486267000000002,1.2511,4739.81,27933.85
2015-04-23,11.828660000000001,15.262371,1.2504,4740.89,27827.7
2015-04-24,11.556184,15.187737,1.2511,4702.64,28060.98
2015-04-27,11.780577000000001,15.262371,1.246,4807.59,28433.59
2015-04-28,11.371862,14.836962,1.2489,4741.86,28442.75
2015-04-29,11.411932,14.702623,1.2502,4774.33,28400.34
2015-04-30,11.700436,15.411632999999998,1.2494,4749.89,28133.0
2015-05-04,11.660364999999999,15.001153,1.2486,4787.74,28123.82
2015-05-05,11.035275,14.404093,1.249,4596.84,27755.54
2015-05-06,10.866982,14.016004999999998,1.2502,4553.33,27640.91
2015-05-07,10.90705,13.971223,1.2493,4470.09,27289.97
2015-05-08,11.059317,14.329460000000001,1.2487,4558.4,27577.34
2015-05-11,11.275694999999999,14.598139000000002,1.2484,4690.53,27718.2
2015-05-12,11.155485,14.21005,1.2484,4747.42,27407.18
2015-05-13,11.780577000000001,14.627991,1.2493,4718.44,27249.28
2015-05-14,11.692423,14.866816,1.2498,4700.78,27286.55
2015-05-15,11.347821000000001,14.777256,1.2489,4617.47,27822.28
2015-05-18,11.091372,14.642919000000001,1.2493,4575.14,27591.25
2015-05-19,11.347821000000001,14.642919000000001,1.2489,4731.22,27693.54
2015-05-20,11.259667,14.374239999999999,1.2496,4754.92,27585.05
2015-05-21,11.339807,14.404093,1.2512,4840.98,27523.72
2015-05-22,11.612283999999999,14.822035999999999,1.2508,4951.34,27992.83
2015-05-26,12.638074000000001,15.635534,1.2496,5198.92,28249.86
2015-05-27,12.341556,15.971379999999998,1.251,5181.43,28081.21
2015-05-28,11.500088,15.374317000000001,1.2503,4834.01,27454.31
2015-05-29,11.500088,15.262371,1.251,4840.83,27424.19
2015-06-01,11.924828999999999,15.448951999999998,1.2511,5076.18,27597.16
2015-06-02,11.860717,15.038470000000002,1.2513,5161.87,27466.72
2015-06-03,12.061067,15.038470000000002,1.251,5143.59,27657.47
2015-06-04,12.012983,14.881742000000001,1.2502,5181.42,27551.89
2015-06-05,12.477794,15.225052,1.2498,5230.55,27260.16
2015-06-08,12.886508000000001,15.934061999999999,1.2491,5353.75,27316.28
2015-06-09,12.54992,15.635534,1.2494,5317.46,26989.52
2015-06-10,12.437725,15.075788000000001,1.2492,5309.11,26687.64
2015-06-11,12.277444000000001,14.963837,1.249,5306.59,26907.85
2015-06-12,12.405669,15.523582999999999,1.2488,5335.12,27280.54
2015-06-15,11.980926,14.911594000000001,1.2487,5221.17,26861.81
2015-06-16,11.524128,14.359314999999999,1.2486,5064.82,26566.7
2015-06-17,11.684408,14.762329999999999,1.2485,5138.83,26753.79
2015-06-18,11.363849,14.613064000000001,1.2488,4930.55,26694.66
2015-06-19,10.858967,14.239901999999999,1.2483,4637.05,26760.53
2015-06-23,11.435974,14.911378,1.2491,4786.09,27333.46
2015-06-24,11.524128,15.034867000000002,1.2489,4880.13,27404.97
2015-06-25,11.379876,14.973123000000001,1.2486,4706.52,27145.75
2015-06-26,10.762798,14.155003,1.2485,4336.19,26663.87
2015-06-29,10.971163,14.077820000000001,1.2486,4191.55,25966.98
2015-06-30,11.636325,14.726144,1.2501,4473.0,26250.03
2015-07-02,11.387891,14.664397,1.2494,4108.0,26282.32
2015-07-03,10.979175999999999,14.371108999999999,1.2494,3885.92,26064.11
2015-07-06,11.924828999999999,14.324801,1.2487,3998.54,25236.28
2015-07-07,11.652352,13.815407,1.2488,3928.0,24975.31
2015-07-08,10.626560000000001,13.136214,1.2485,3663.04,23516.56
2015-07-09,11.660364999999999,14.155003,1.2485,3897.63,24392.79
2015-07-10,11.996953999999999,14.664397,1.2483,4106.56,24901.28
2015-07-13,12.101136,14.787889000000002,1.2486,4211.81,25224.01
2015-07-14,11.660364999999999,14.324801,1.2484,4112.15,25120.91
2015-07-15,11.78859,14.093259,1.2483,3966.76,25055.76
2015-07-16,11.780577000000001,14.664397,1.2483,3997.36,25162.78
2015-07-17,12.077094,14.448289,1.2482,4151.5,25415.27
2015-07-20,12.301487,14.633523,1.2482,4160.61,25404.81
2015-07-21,12.019836,14.803325,1.2482,4166.01,25536.43
2015-07-22,12.177228999999999,14.602654000000001,1.2482,4157.16,25282.62
2015-07-23,12.558284,15.127482999999998,1.2483,4250.81,25398.85
2015-07-24,12.76538,15.220101999999999,1.2483,4176.28,25128.51
2015-07-27,11.763036999999999,14.247620000000001,1.2483,3818.73,24351.96
2015-07-28,12.110958,14.278491,1.2483,3811.09,24503.94
2015-07-29,12.094389999999999,14.540907999999998,1.2485,3930.38,24619.45
2015-07-30,11.663631,14.077820000000001,1.2487,3815.41,24497.98
2015-07-31,11.746469,14.232185999999999,1.2485,3816.7,24636.28
2015-08-03,12.102674,14.201310000000001,1.2486,3829.24,24411.42
2015-08-04,12.251783,14.540907999999998,1.2486,3948.16,24406.12
2015-08-05,11.970134,14.571779000000001,1.2483,3866.9,24514.16
2015-08-06,11.879010000000001,14.309363000000001,1.2482,3831.85,24375.28
2015-08-07,12.094389999999999,14.695271,1.2484,3906.94,24552.47
2015-08-10,12.48373,14.988558,1.2485,4084.36,24521.12
2015-08-11,12.897922,14.818759,1.2272,4066.67,24498.21
2015-08-12,12.367756,14.278491,1.2147,4016.13,23916.02
2015-08-13,12.326338,14.355675,1.2122,4075.46,24018.8
2015-08-14,12.384324000000001,14.479163,1.2135,4073.54,23991.03
2015-08-17,12.226932000000001,14.046949,1.2127,4077.87,23814.65
2015-08-18,11.779606,13.985204999999999,1.2128,3825.41,23474.97
2015-08-19,12.011552,13.815407,1.2123,3886.14,23167.85
2015-08-20,11.829309,13.583862,1.2134,3761.45,22757.47
2015-08-21,11.522805,13.614735000000001,1.2134,3589.54,22409.62
2015-08-24,10.92637,12.889235000000001,1.2104,3275.53,21251.57
2015-08-25,10.768977,12.966414,1.2088,3042.93,21404.96
2015-08-26,10.976074,13.120776000000001,1.2095,3025.69,21080.39
2015-08-27,10.918087,13.336884,1.2099,3205.64,21838.54
2015-08-28,11.24944,13.197958999999999,1.2129,3342.29,21612.39
2015-08-31,11.431683999999999,13.5993,1.2149,3366.54,21670.58
2015-09-01,11.787889,13.830842,1.2178,3362.08,21185.43
2015-09-02,11.779606,13.707351999999998,1.2193,3365.83,20934.94
2015-09-07,11.266008,12.997288000000001,1.2175,3250.49,20583.52
2015-09-08,11.332278,13.429502,1.2172,3334.02,21259.04
2015-09-09,11.398549000000001,13.769097,1.2153,3399.31,22131.31
2015-09-10,11.216305,13.367757000000001,1.2153,3357.56,21562.5
2015-09-11,11.158319,13.043595,1.2157,3347.19,21504.37
2015-09-14,10.92637,12.920106,1.2171,3281.13,21561.9
2015-09-15,10.785546,12.889235000000001,1.2167,3152.23,21455.23
2015-09-16,11.125182,12.889235000000001,1.2165,3309.25,21966.66
2015-09-17,10.851817,12.765744999999999,1.2175,3237.0,21854.63
2015-09-18,10.868383,12.889235000000001,1.2177,3251.27,21920.83
2015-09-21,10.918087,12.889235000000001,1.2168,3308.25,21756.93
2015-09-22,10.984357000000001,12.873797,1.2155,3339.03,21796.58
2015-09-23,10.893234,12.842924,1.214,3263.03,21302.91
2015-09-24,10.843533,12.82749,1.2144,3285.0,21095.98
2015-09-25,10.686138,12.82749,1.2158,3231.95,21186.32
2015-09-29,10.437625,12.395274,1.2179,3178.85,20556.6
2015-09-30,10.545313,12.765744999999999,1.2193,3202.95,20846.3
2015-10-08,10.826964,13.367757000000001,1.2198,3296.48,22354.91
2015-10-09,10.959506,13.321447000000001,1.2214,3340.12,22458.8
2015-10-12,11.1666,13.537555,1.2256,3447.69,22730.93
2015-10-13,11.158319,13.55299,1.2222,3445.04,22600.46
2015-10-14,11.000924000000001,13.460373,1.2208,3406.11,22439.91
2015-10-15,11.199738,13.769097,1.2212,3486.82,22888.17
2015-10-16,11.307427,14.077820000000001,1.2197,3534.07,23067.37
2015-10-19,11.20802,13.72279,1.2185,3534.18,23075.61
2015-10-20,11.224588,13.645607,1.2208,3577.7,22989.22
2015-10-22,11.058911,13.630173999999998,1.2189,3524.53,22845.37
2015-10-23,11.381982,13.985204999999999,1.2204,3571.24,23151.94
2015-10-26,11.323995,14.324801,1.2201,3589.26,23116.25
2015-10-27,11.340562,14.062387,1.22,3592.88,23142.73
2015-10-28,11.315710000000001,14.077820000000001,1.2188,3524.92,22956.57
2015-10-29,11.282574,13.954331,1.2192,3533.31,22819.94
2015-10-30,11.323995,14.031514999999999,1.2269,3534.08,22640.04
2015-11-02,11.232873,13.923460999999998,1.2229,3475.96,22370.04
2015-11-03,11.315710000000001,14.309363000000001,1.2232,3465.49,22568.43
2015-11-04,11.663631,14.556344000000001,1.2232,3628.54,23053.57
2015-11-05,11.696766,14.510034,1.2214,3705.97,23051.04
2015-11-06,11.771321,14.648960999999998,1.2198,3793.37,22867.33
2015-11-09,11.928714,14.463728,1.2184,3840.35,22726.77
2015-11-10,11.821024000000001,14.324801,1.2185,3833.24,22401.7
2015-11-11,11.738185000000001,14.185875,1.2173,3833.65,22352.17
2015-11-12,11.671916,14.401982,1.2169,3795.32,22888.92
2015-11-13,11.514522999999999,14.232185999999999,1.2161,3746.24,22396.14
2015-11-16,11.597362,14.12413,1.2168,3764.13,22010.82
2015-11-17,11.597362,14.263056,1.2152,3758.39,22264.25
2015-11-18,12.152377,14.926814000000002,1.2139,3715.58,22188.26
2015-11-19,12.011552,14.664397,1.2142,3774.97,22500.22
2015-11-20,12.003269,14.926814000000002,1.2139,3774.38,22754.72
2015-11-23,11.903862,14.772451,1.213,3753.34,22665.9
2015-11-24,12.011552,14.772451,1.2131,3753.89,22587.63
2015-11-25,12.061255000000001,14.94225,1.213,3781.61,22498.0
2015-11-26,12.011552,14.926814000000002,1.213,3759.43,22488.94
2015-11-27,11.81274,14.633523,1.2121,3556.99,22068.32
2015-11-30,12.48373,14.911378,1.2117,3566.41,21996.42
2015-12-01,13.734588,15.976474,1.2115,3591.7,22381.35
2015-12-02,15.109704999999998,16.400972,1.2112,3721.95,22479.69
2015-12-03,15.863531,16.43956,1.2114,3749.3,22417.01
2015-12-04,15.722707000000002,16.786877,1.2104,3677.59,22235.89
2015-12-07,14.927461,15.899295,1.2095,3687.61,22203.22
2015-12-08,14.720364000000002,15.629161999999999,1.2076,3623.02,21905.13
2015-12-09,16.194882999999997,16.593923999999998,1.2057,3635.94,21803.76
2015-12-10,16.186602,16.092249,1.2037,3623.08,21704.61
2015-12-11,16.484819,16.246607,1.2007,3608.06,21464.05
2015-12-14,16.633928,15.667751999999998,1.1999,3711.32,21309.85
2015-12-15,17.462311,16.285198,1.1994,3694.39,21274.37
2015-12-16,16.72505,16.825466,1.1974,3685.44,21701.21
2015-12-17,18.398382,17.327143,1.1957,3755.89,21872.06
2015-12-18,20.237394000000002,17.674456,1.1962,3767.91,21755.56
2016-07-04,18.216141,13.223397,1.1640000000000001,3204.7,21059.2
2016-07-05,16.3937,13.386448000000001,1.1604,3207.38,20750.72
2016-07-06,16.401981,13.500582999999999,1.16,3216.8,20495.29
2016-07-07,15.590166,12.913601,1.1611,3209.95,20706.92
2016-07-08,15.532179000000001,13.109262,1.1595,3192.28,20564.17
2016-07-11,15.134556,12.946213,1.1586,3203.33,20880.5
2016-07-12,15.010299,13.076653,1.16,3273.18,21224.74
2016-07-13,15.175973,12.897296,1.1595,3282.87,21322.37
2016-07-14,14.877757,12.685331,1.1602,3276.76,21561.06
2016-07-15,14.819769,12.815772,1.1584,3276.28,21659.25
2016-07-18,14.438714000000001,12.587501,1.1567,3262.02,21803.18
2016-07-19,14.173632000000001,12.473365,1.1581,3248.23,21673.2
2016-07-20,14.148779000000001,12.505975,1.1614,3237.61,21882.48
2016-07-21,14.099077,12.65272,1.1619,3252.52,22000.49
2016-07-22,14.405579000000001,13.141870999999998,1.1614,3225.16,21964.27
2016-07-25,14.662379000000001,13.027737,1.1612,3230.89,21993.44
2016-07-26,14.728648999999999,12.962516,1.1626,3269.59,22129.73
2016-07-27,14.430429,13.011432000000001,1.163,3218.24,22218.99
2016-07-28,14.844621,14.511495000000002,1.165,3221.14,22174.34
2016-07-29,14.792839,14.299531,1.1694,3203.93,21891.37
2016-08-01,14.818731,14.641936999999999,1.168,3176.81,22129.14
2016-08-03,15.431501999999998,14.690851,1.1695,3193.51,21739.12
2016-08-04,16.976377,15.163699,1.1679,3201.29,21832.23
2016-08-05,18.081095,15.408273999999999,1.1644,3205.11,22146.09
2016-08-08,18.875113,15.636545000000002,1.1644,3234.18,22494.76
2016-08-09,18.961414,15.897426000000001,1.1654,3256.98,22465.61
2016-08-10,18.296860000000002,16.027866,1.1689,3243.34,22492.43
2016-08-11,17.87396,16.142001999999998,1.1692,3233.36,22580.55
2016-08-12,19.660496,16.272442,1.1688,3294.23,22766.91
2016-08-15,21.628269,16.712679,1.1684,3393.42,22932.51
2016-08-16,23.794548000000002,17.079542,1.1705,3378.25,22910.84
2016-08-17,22.310085,16.549626999999997,1.1688,3373.05,22799.78
2016-08-18,22.077060999999997,16.671915,1.1692,3364.49,23023.16
2016-08-19,21.222631,16.508865,1.1653,3365.02,22937.22
2016-08-22,21.317566,16.794203,1.1657,3336.79,22997.91
2016-08-23,21.317566,16.38658,1.1675,3341.83,22998.93
2016-08-24,20.704798,16.305052,1.1645,3329.86,22820.78
2016-08-25,20.31642,16.060478,1.1646,3308.97,22814.95
2016-08-26,19.75543,16.125695999999998,1.1629,3307.09,22909.54
2016-08-29,19.772692000000003,15.881120999999998,1.1606,3307.78,22821.34
2016-08-30,19.556926999999998,16.239829999999998,1.1612,3311.99,23016.11
2016-08-31,21.516073000000002,16.223523999999998,1.1614,3327.79,22976.88
2016-09-01,20.230114,16.093086,1.1621,3301.58,23162.34
2016-09-02,20.514920999999998,16.20722,1.161,3314.11,23266.7
2016-09-05,20.230114,16.305052,1.1614,3319.68,23649.55
2016-09-06,20.126547,16.468102,1.1628,3342.63,23787.68
2016-09-07,20.083393,16.158306,1.1641,3340.82,23741.81
2016-09-08,20.385466,16.549626999999997,1.1635,3339.56,23919.34
2016-09-09,19.997087,16.468102,1.1605,3318.04,24099.7
2016-09-12,20.281897,16.093086,1.1615,3262.6,23290.6
2016-09-13,20.350941,15.848510999999998,1.1615,3260.33,23215.76
2016-09-14,20.350941,15.669154999999998,1.1623,3238.73,23190.64
2016-09-19,20.394094,15.652851,1.1633,3263.12,23550.45
2016-09-20,20.385466,15.913732000000001,1.1627,3257.4,23530.86
2016-09-21,21.248524,16.38658,1.163,3266.64,23669.9
2016-09-22,23.302605,16.508865,1.1637,3291.12,23759.8
2016-09-23,21.990751,16.508865,1.1629,3275.67,23686.48
2016-09-26,21.300306,16.076782,1.163,3220.28,23317.92
2016-09-27,21.697311,16.38658,1.1626,3240.75,23571.9
2016-09-28,22.266932999999998,16.468102,1.1616,3230.89,23619.65
2016-09-29,22.430914,16.753439,1.1631,3244.39,23739.47
2016-09-30,22.586266000000002,16.38658,1.1623,3253.28,23297.15
2016-10-11,22.638048,15.669154999999998,1.1545,3306.56,23549.52
2016-10-12,22.957382,15.864815,1.1544,3300.01,23407.05
2016-10-13,23.138622,15.783289000000002,1.153,3302.65,23031.3
2016-10-14,23.164516,15.783289000000002,1.1532,3305.85,23233.31
2016-10-17,22.439545000000003,15.734375,1.1516,3277.88,23037.54
2016-10-18,22.439545000000003,15.978951,1.151,3321.33,23394.39
2016-10-19,22.292826,16.190918,1.1514,3316.24,23304.97
2016-10-20,22.387762,16.305052,1.1502,3318.6,23374.4
2016-10-24,21.783619,16.712679,1.145,3367.58,23604.08
2016-10-25,21.585117,16.549626999999997,1.1440000000000001,3367.45,23565.11
2016-10-26,21.723206,16.42734,1.1455,3354.8,23325.43
2016-10-27,21.377983,16.38658,1.1431,3345.7,23132.35
2016-10-28,21.36072,16.42734,1.1439,3340.13,22954.81
2016-10-31,21.507441,16.549626999999997,1.1446,3336.28,22934.54
2016-11-01,22.258305,16.916492,1.1462,3359.05,23147.07
2016-11-02,21.490177,16.753439,1.1477,3333.35,22810.5
2016-11-03,21.464287,16.753439,1.1463,3365.09,22683.51
2016-11-04,21.222631,16.590391,1.1479,3354.17,22642.62
2016-11-07,20.851513,16.794203,1.1445,3356.59,22801.4
2016-11-08,20.903299,16.916492,1.1427,3371.12,22909.47
2016-11-09,22.698462,16.794203,1.1420000000000001,3353.05,22415.19
2016-11-10,22.922859,17.527931,1.1395,3390.61,22839.11
2016-11-11,22.430914,17.120302,1.1388,3417.22,22531.09
2016-11-14,22.180628,16.712679,1.1309,3430.25,22222.22
2016-11-15,23.250822,17.079542,1.131,3429.87,22323.91
2016-11-16,23.026424,17.161066,1.1275,3429.59,22280.53
2016-11-17,23.302605,17.324118,1.1278,3436.54,22262.88
2016-11-18,23.924006,17.894796,1.1265,3417.46,22344.21
2016-11-21,23.647827,18.057844,1.1253,3441.11,22357.78
2016-11-22,23.561522,18.098608,1.1259,3468.36,22678.07
2016-11-23,23.492476,19.076912,1.1213,3474.73,22676.69
2016-11-24,23.242191000000002,18.832335999999998,1.1206,3488.74,22608.49
2016-11-25,23.475216,19.117676,1.121,3521.3,22723.45
2016-11-28,22.767506,19.199196,1.1217,3535.08,22830.57
2016-11-29,22.577635,19.076912,1.1233,3564.04,22737.07
2016-11-30,23.285343,19.403011,1.1258,3538.0,22789.77
2016-12-01,23.276712,19.484535,1.1265,3565.04,22878.23
2016-12-02,22.827923000000002,19.036148,1.1273,3528.95,22564.82
2016-12-05,22.008015,17.690981,1.127,3469.41,22505.55
2016-12-06,21.904448000000002,17.283358,1.1271,3459.15,22675.15
2016-12-07,21.697311,17.242594,1.1279,3475.75,22800.92
2016-12-08,21.352087,17.731745,1.1256,3470.14,22861.84
2016-12-09,21.412504000000002,17.487169,1.1233,3493.7,22760.98
2016-12-12,20.074762,16.712679,1.1232,3409.18,22433.02
2016-12-13,19.902148999999998,16.305052,1.1238,3405.04,22446.7
2016-12-14,19.237595000000002,16.190918,1.1233,3378.95,22456.62
2016-12-15,19.272116,15.881120999999998,1.1171,3340.43,22059.4
2016-12-16,19.384314,15.766985,1.1156,3346.03,22020.75
2016-12-19,18.210556,15.261527,1.1159999999999999,3328.98,21832.68
2016-12-20,17.546,14.951732999999999,1.117,3309.06,21729.06
2016-12-21,17.675457,15.065867,1.1179,3338.54,21809.8
2016-12-22,17.787654999999997,14.544106,1.1172,3335.67,21636.2
2016-12-23,17.520104999999997,14.299531,1.117,3307.6,21574.76
2016-12-28,18.296860000000002,14.234307999999999,1.1145,3301.89,21754.74
2016-12-29,17.986156,14.250615,1.1151,3297.76,21790.91
2016-12-30,17.735870000000002,14.429973,1.1166,3310.08,22000.56
2017-01-03,17.891222,14.511495000000002,1.1138,3342.23,22150.4
2017-01-04,17.994789,14.593022,1.1185,3368.31,22134.47
2017-01-05,18.063835,15.016952999999999,1.1276,3367.79,22456.69
2017-01-06,17.813543,14.707157999999998,1.12,3347.67,22503.01
2017-01-09,17.830807,14.739766,1.1179999999999999,3363.9,22558.69
2017-01-10,17.761763000000002,15.016952999999999,1.1204,3358.27,22744.85
2017-01-11,17.606410999999998,15.163699,1.1179,3334.5,22935.35
2017-01-13,18.823322,16.027866,1.1238,3319.91,22937.38
2017-01-16,18.124249,15.701764,1.1238,3319.45,22718.15
2017-01-17,17.951635,15.978951,1.133,3326.36,22840.97
2017-01-18,18.055201999999998,16.190918,1.1324,3339.37,23098.26
2017-01-19,17.779022,16.093086,1.1288,3329.29,23049.96
2017-01-20,17.848067999999998,15.832206,1.1283,3354.89,22885.91
2017-01-23,17.899853,15.962645000000002,1.1318,3364.08,22898.52
2017-01-24,17.856701,16.076782,1.131,3364.45,22949.86
2017-01-25,17.787654999999997,15.94634,1.1269,3375.9,23049.12
2017-01-26,17.848067999999998,16.076782,1.1269,3387.96,23374.17
2017-02-03,17.848067999999998,15.864815,1.1299,3364.49,23129.21
2017-02-06,17.87396,15.881120999999998,1.1305,3373.21,23348.24
2017-02-07,17.813543,15.864815,1.1268,3365.68,23331.57
2017-02-08,17.856701,16.468102,1.1305,3383.29,23485.13
2017-02-09,17.951635,16.631153,1.1294,3396.29,23525.14
2017-02-10,17.830807,16.42734,1.1281,3413.49,23574.98
2017-02-13,17.925743,16.38658,1.1277,3436.28,23710.98
2017-02-14,18.046574,16.25614,1.1298,3435.8,23703.01
2017-02-15,17.839437,15.995256,1.1295,3421.71,23994.87
2017-02-16,17.848067999999998,15.995256,1.1324,3440.93,24107.7
2017-02-17,17.727242,15.799596,1.1303,3421.44,24033.74
2017-02-20,17.787654999999997,15.815902,1.1283,3471.39,24146.08
2017-02-21,18.106987,15.766985,1.1274,3482.82,23963.63
2017-02-22,18.037943,15.766985,1.1284,3489.76,24201.96
2017-02-23,17.943007,16.093086,1.13,3473.32,24114.86
2017-02-24,17.882591,15.913732000000001,1.1299,3473.85,23965.7
2017-02-27,17.709979999999998,15.995256,1.1296,3446.22,23925.05
2017-02-28,17.718611,15.897426000000001,1.1303,3452.81,23740.73
2017-03-01,17.692719,16.027866,1.1281,3458.44,23776.49
2017-03-02,17.554628,16.011561999999998,1.1268,3435.1,23728.07
2017-03-03,17.4338,15.94634,1.1245,3427.86,23552.72
2017-03-06,17.451061,16.125695999999998,1.1257,3446.48,23596.28
2017-03-07,17.485584,16.834967000000002,1.1249,3453.96,23681.07
2017-03-08,17.882591,17.446404,1.1235,3448.73,23782.27
2017-03-09,17.701349,17.120302,1.1238,3426.94,23501.56
2017-03-10,17.779022,17.364882,1.124,3427.89,23568.67
2017-03-13,17.87396,17.894796,1.123,3458.1,23829.67
2017-03-14,18.616192,17.976318,1.1235,3456.69,23827.95
2017-03-15,18.374537,18.30242,1.1235,3463.64,23792.85
2017-03-16,18.357275,19.199196,1.1254,3481.51,24288.28
2017-03-17,18.5903,18.954622,1.1245,3445.81,24309.93
2017-03-20,18.236446,18.220896,1.1241,3449.61,24501.99
2017-03-21,18.279598,18.669283,1.1276,3466.35,24593.12
2017-03-22,18.184662,18.343185000000002,1.1287,3450.05,24320.41
2017-03-23,18.512625,18.465471,1.128,3461.98,24327.7
2017-03-24,18.547148,18.506235,1.1283,3489.6,24358.27
2017-03-27,18.296860000000002,17.650217,1.1301,3478.04,24193.7
2017-03-28,18.357275,18.057844,1.1291,3469.81,24345.87
2017-03-29,18.132877,17.242594,1.1276,3465.19,24392.05
2017-03-30,17.718611,17.079542,1.1279,3436.76,24301.09
2017-03-31,17.761763000000002,17.120302,1.1283,3456.05,24111.59
2017-04-05,17.761763000000002,17.527931,1.1269,3503.89,24400.8
2017-04-06,17.943007,17.568693,1.1265,3514.05,24273.72
2017-04-07,17.951635,17.527931,1.126,3517.46,24267.3
2017-04-10,17.779022,17.201828,1.1256,3505.14,24262.18
2017-04-11,17.865332000000002,17.201828,1.1275,3517.33,24088.46
2017-04-12,18.14151,17.283358,1.1276,3509.44,24313.5
2017-04-13,18.072464,17.568693,1.1284,3514.57,24261.66
2017-04-18,17.666824,17.03878,1.1296,3462.74,23924.54
2017-04-19,17.718611,17.079542,1.1287,3445.88,23825.88
2017-04-20,17.804916,16.998018,1.1298,3461.55,24056.98
2017-04-21,17.848067999999998,16.753439,1.1293,3466.79,24042.02
2017-04-24,17.632305,16.834967000000002,1.1299,3431.26,24139.48
2017-04-25,17.735870000000002,16.957253,1.13,3440.97,24455.94
2017-04-26,17.571892000000002,16.508865,1.1288,3445.18,24578.43
2017-04-27,17.054056,16.223523999999998,1.1281,3446.72,24698.48
2017-04-28,16.829659,16.093086,1.1283,3439.75,24615.13
2017-05-02,16.570742000000003,16.093086,1.1285,3426.58,24696.13
2017-05-04,16.415392,16.109392,1.1284,3404.39,24683.88
2017-05-05,16.30319,15.832206,1.1276,3382.55,24476.35
2017-05-08,15.940706,15.766985,1.1273,3358.81,24577.91
2017-05-09,16.070166,16.174612,1.1269,3352.53,24889.03
2017-05-10,16.113319,16.125695999999998,1.128,3337.7,25015.42
2017-05-11,16.605263,16.093086,1.1284,3356.65,25125.55
2017-05-12,16.743351,16.027866,1.1297,3385.38,25156.34
2017-05-15,16.691570000000002,16.044172,1.1299,3399.19,25371.59
2017-05-16,16.596632,15.734375,1.131,3428.65,25335.94
2017-05-17,16.518957,15.799596,1.1321,3409.97,25293.63
2017-05-18,16.432651999999997,15.652851,1.1297,3398.11,25136.52
2017-05-19,16.544849,15.864815,1.1306,3403.85,25174.87
2017-05-22,16.458544,15.799596,1.1305,3411.24,25391.34
2017-05-23,16.596632,15.848510999999998,1.1311,3424.19,25403.15
2017-05-24,16.562110999999998,16.190918,1.1305,3424.17,25428.5
2017-05-25,17.692719,16.671915,1.1344,3485.66,25630.78
2017-05-26,17.735870000000002,16.590391,1.1367,3480.43,25639.27
2017-05-31,18.348644,16.875729,1.1431,3492.88,25660.65
2017-06-01,18.201925,16.631153,1.1445,3497.74,25809.22
2017-06-02,18.081095,16.42734,1.1441,3486.51,25924.05
2017-06-05,18.210556,16.305052,1.1453,3468.75,25862.99
2017-06-06,18.012051,16.508865,1.147,3492.88,25997.14
2017-06-12,18.72839,17.487169,1.1474,3574.39,25708.04
2017-06-13,18.987309,17.854032999999998,1.147,3582.27,25852.1
2017-06-14,18.426319,17.731745,1.1482,3535.3,25875.9
2017-06-15,18.15877,17.446404,1.146,3528.79,25565.34
2017-06-16,18.072464,17.324118,1.1454,3518.76,25626.49
2017-06-19,18.106987,17.405642,1.1438,3553.67,25924.55
2017-06-20,18.150139000000003,17.079542,1.1424,3546.49,25843.04
2017-06-21,18.15877,17.201828,1.1421,3587.96,25694.58
2017-06-22,18.883739000000002,17.201828,1.1412,3590.34,25674.53
2017-06-23,20.77384,17.854032999999998,1.1409,3622.88,25670.05
2017-06-26,22.853811,18.220896,1.14,3668.09,25871.89
2017-06-27,22.042538,18.017082000000002,1.145,3674.72,25839.99
2017-06-28,21.576485,17.813271,1.1476,3646.17,25683.5
2017-06-29,21.714577,18.057844,1.1499,3668.83,25965.42
2017-06-30,21.550594,18.017082000000002,1.1512,3666.8,25764.58
2017-07-03,21.205370000000002,19.036148,1.1485,3650.85,25784.17
2017-07-04,20.592598000000002,18.832335999999998,1.1481,3619.98,25389.01
2017-07-07,21.283045,19.199196,1.1478,3655.93,25340.85
2017-07-10,21.084541,18.506235,1.1484,3653.69,25500.06
2017-07-11,21.36072,18.954622,1.1485,3670.81,25877.64
2017-07-12,21.973492,18.791573,1.1508,3658.82,26043.64
2017-07-13,21.084541,18.465471,1.1511,3686.92,26346.17
2017-07-14,21.222631,18.913857999999998,1.1523,3703.09,26389.23
2017-07-18,21.835403,18.913857999999998,1.1569,3667.18,26524.94
2017-07-19,21.697311,19.239962,1.1565,3729.75,26672.16
2017-07-20,21.878557,19.403011,1.1556,3747.88,26740.21
2017-07-21,21.386614,19.403011,1.1541,3728.6,26706.09
2017-07-24,20.540815,19.199574,1.1564,3743.47,26846.83
2017-07-25,20.074762,18.733358,1.1566,3719.56,26852.05
2017-07-26,20.212851999999998,18.690975,1.1566,3705.39,26941.02
2017-07-27,19.850367000000002,19.072426,1.1581,3712.2,27131.17
2017-07-28,20.394094,19.411488000000002,1.1593,3721.89,26979.39
2017-07-31,20.169698999999998,19.538639,1.1611,3737.87,27323.99
2017-08-01,20.212851999999998,19.28434,1.163,3770.38,27540.23
2017-08-02,20.350941,19.453875,1.163,3760.85,27607.38
2017-08-03,19.945303,19.369107999999997,1.1640000000000001,3727.83,27531.01
2017-08-04,19.712278,19.411488000000002,1.162,3707.58,27562.68
2017-08-07,19.600079,19.326723,1.1638,3726.8,27690.36
2017-08-08,19.651863,19.496256,1.1666,3732.21,27854.91
2017-08-09,19.807215,19.369107999999997,1.1711,3731.04,27757.09
2017-08-10,19.677753,19.15719,1.176,3715.92,27444.0
2017-08-11,19.004568,18.733358,1.1734,3647.35,26883.51
2017-08-14,18.944155,18.733358,1.1724,3694.68,27250.23
2017-08-15,19.004568,18.563828,1.1702,3706.06,27174.96
2017-08-16,18.86648,18.479059,1.1689,3701.42,27409.07
2017-08-17,18.918262,18.479059,1.172,3721.28,27344.22
2017-08-18,19.695017,18.436678,1.1729,3724.68,27047.57
2017-08-21,19.522404,18.733358,1.1739,3740.99,27154.68
2017-08-22,20.03161,19.708172,1.1747,3752.3,27401.67
2017-08-24,19.928041,19.538639,1.1745,3734.65,27518.6
2017-08-25,20.022978,19.453875,1.1769,3795.75,27848.16
2017-08-28,20.722057,19.623404999999998,1.1828,3842.71,27863.29
2017-08-29,20.846996,19.453875,1.1862,3834.54,27765.01
2017-08-30,20.739904,19.581024,1.1867,3834.3,28094.61
2017-08-31,20.73098,19.877707,1.1876,3822.09,27970.3
2017-09-01,20.418633,19.623404999999998,1.193,3830.54,27953.16
2017-09-04,20.490025,19.538639,1.1982,3845.62,27740.26
2017-09-05,21.203966,20.132004000000002,1.1968,3857.05,27741.35
2017-09-06,21.239662,20.259151,1.1995,3849.45,27613.76
2017-09-07,23.17622,22.208778,1.2045,3829.87,27522.92
2017-09-08,23.015585,21.912096,1.2028,3825.99,27668.47
2017-09-11,22.560448,22.251163000000002,1.1966,3825.65,27955.13
2017-09-12,22.542599,22.590227,1.1952,3837.93,27972.24
2017-09-13,22.98881,22.547844,1.1942,3842.61,27894.08
2017-09-14,24.595171,23.395508,1.1917,3829.96,27777.2
2017-09-15,26.147985000000002,24.073636999999998,1.193,3831.3,27807.59
2017-09-18,25.023535,23.81934,1.1888,3843.14,28159.77
2017-09-19,25.675003,23.988871,1.1853,3832.12,28051.41
2017-09-20,25.639305,23.692188,1.1865,3842.44,28127.8
2017-09-21,25.344807,23.692188,1.1846,3837.82,28110.33
2017-09-22,24.818277,22.844526000000002,1.1848,3837.73,27880.53
2017-09-25,23.310083,21.022049,1.1801,3817.79,27500.34
2017-09-26,23.881232999999998,21.064432,1.1767,3820.78,27513.01
2017-09-27,23.952629,22.378311,1.1756,3821.2,27642.43
2017-09-28,23.568884,21.78495,1.1726,3822.54,27421.6
2017-09-29,23.426098,21.78495,1.1739,3836.5,27554.3
2017-10-09,23.622431,23.183592,1.1782,3882.21,28326.59
2017-10-10,23.729521,23.141207,1.187,3889.86,28490.83
2017-10-11,23.979401,22.717377,1.1845,3902.69,28389.57
2017-10-12,24.184658,22.717377,1.1854,3912.95,28459.03
2017-10-13,24.032946,22.886909,1.1866,3921.0,28476.43
2017-10-16,23.479641,22.802143,1.1847,3913.45,28692.8
2017-10-17,23.3904,22.208778,1.1787,3913.07,28697.49
2017-10-18,23.586735,22.590227,1.1781,3944.16,28711.76
2017-10-19,23.247612,22.251163000000002,1.1794,3931.25,28159.09
2017-10-20,23.345779,22.75976,1.1786,3926.85,28487.24
2017-10-23,23.140524,22.420696,1.1753,3930.8,28305.88
2017-10-24,24.095415,23.26836,1.1762,3959.4,28154.97
2017-10-25,24.479156,23.988871,1.1754,3976.95,28302.89
2017-10-26,24.568399,23.480273999999998,1.1747,3993.58,28202.38
2017-10-27,24.541626,22.971676000000002,1.1735,4021.97,28438.85
2017-10-30,25.862410999999998,23.81934,1.1735,4009.72,28336.19
2017-10-31,25.844563,23.522657000000002,1.1756,4006.72,28245.54
2017-11-01,26.014124,24.031256,1.1816,3996.62,28594.06
2017-11-02,26.281851,24.158405,1.1805,3997.13,28518.64
2017-11-03,25.157396,23.776954999999997,1.1754,3992.7,28603.61
2017-11-06,24.505928,23.565041,1.1762,4020.89,28596.8
2017-11-07,24.853975,23.988871,1.1751,4054.25,28994.34
2017-11-08,24.666565,23.946489,1.1763,4048.01,28907.6
2017-11-09,24.693336,23.946489,1.1745,4075.9,29136.57
2017-11-10,24.55055,23.861721,1.175,4111.91,29120.92
2017-11-13,24.14896,23.395508,1.1746,4128.07,29182.18
2017-11-14,25.434048,23.607423999999998,1.1759,4099.35,29152.12
2017-11-15,25.380505,23.692188,1.1785,4073.67,28851.69
2017-11-16,25.826715,23.522657000000002,1.1778,4105.01,29018.76
2017-11-17,25.791017999999998,23.81934,1.1789,4120.85,29199.04
2017-11-20,25.791017999999998,23.014059,1.1771,4143.83,29260.31
2017-11-21,28.370121,24.709385,1.1783,4217.7,29818.07
2017-11-22,29.003740000000004,25.30275,1.1816,4227.57,30003.49
2017-11-23,27.932831,24.412704,1.1864,4102.4,29707.94
2017-11-24,28.379044,24.921302999999998,1.1828,4104.2,29866.32
2017-11-27,28.129165999999998,24.412704,1.1821,4049.95,29686.19
2017-11-28,27.442001,24.073636999999998,1.1807,4055.82,29680.85
2017-11-29,30.181735999999997,25.30275,1.1801,4053.75,29623.83
2017-11-30,27.861439,24.116022,1.1816,4006.1,29177.35
2017-12-01,27.42415,24.921302999999998,1.1806,3998.14,29074.24
2017-12-04,27.531242,24.709385,1.1806,4018.86,29138.28
2017-12-05,27.691878999999997,24.370319,1.1805,4040.17,28842.8
2017-12-06,27.45985,23.607423999999998,1.1813,4015.82,28224.8
2017-12-07,26.728061999999998,23.310741,1.1795,3971.06,28303.19
2017-12-08,26.612045000000002,23.988871,1.1789,4003.38,28639.85
2017-12-11,26.710215,24.158405,1.1795,4069.5,28965.29
2017-12-12,26.388941,23.395508,1.1791,4016.02,28793.88
2017-12-13,26.719137,23.988871,1.1793,4050.09,29222.1
2017-12-14,26.87085,24.751768,1.1815,4026.15,29166.38
2017-12-15,25.978428,24.412704,1.182,3980.86,28848.11
2017-12-18,25.39835,23.988871,1.1813,3985.29,29050.41
2017-12-19,26.023048,24.031256,1.1837,4035.33,29253.66
2017-12-20,25.523293,23.607423999999998,1.1893,4030.49,29234.09
2017-12-21,26.522803999999997,24.285555,1.1874,4067.85,29367.06
2017-12-22,26.638821000000004,25.387516,1.1885,4054.6,29578.01
2017-12-27,27.477696999999996,25.938498000000003,1.1915,3991.21,29597.66
2017-12-28,27.397381,26.404711,1.1964,4018.9,29863.71
2017-12-29,27.718651,26.447097999999997,1.2011,4030.86,29919.15
2018-01-02,29.057284999999997,29.07485,1.2034,4087.4,30515.31
2018-01-03,28.85203,28.947703999999998,1.202,4111.39,30560.95
2018-01-04,29.557040999999998,29.244387,1.2038,4128.81,30736.48
2018-01-05,31.020613,31.109243,1.2051,4138.75,30814.64
2018-01-08,32.118297999999996,31.999291999999997,1.2035,4160.16,30899.53
2018-01-09,31.98443,32.423122,1.1978,4189.3,31011.41
2018-01-10,31.832718,33.058868,1.2019,4207.81,31073.72
2018-01-11,31.350813,32.635036,1.2023,4205.59,31120.39
2018-01-12,31.72563,32.677417999999996,1.2094,4225.0,31412.54
2018-01-15,33.099959999999996,32.762188,1.2153,4225.24,31338.87
2018-01-16,35.875393,35.771389,1.214,4258.47,31904.75
2018-01-17,35.491653,33.991295,1.2153,4248.12,31983.41
2018-01-18,35.482727000000004,33.525082,1.2177,4271.42,32121.94
2018-01-19,35.179302,34.499897,1.2208,4285.4,32254.89
2018-01-22,35.27747,35.135647,1.2207,4336.6,32393.41
2018-01-23,36.571484000000005,35.517094,1.2206,4382.61,32930.7
2018-01-24,36.705349,34.923728999999994,1.2296,4389.89,32958.69
2018-01-25,35.875393,33.906532,1.2357,4365.08,32654.45
2018-01-26,35.732609000000004,34.542278,1.2355,4381.3,33154.12
2018-01-29,34.420746,33.058868,1.2331,4302.02,32966.89
2018-01-30,32.448494000000004,32.762188,1.2364,4256.1,32607.29
2018-01-31,33.519402,32.4655,1.2436,4275.9,32887.27
2018-02-01,33.465855,32.635036,1.2421,4245.9,32642.09
2018-02-02,33.358761,32.762188,1.2413,4271.23,32601.78
2018-02-05,33.010719,32.211208,1.2428,4274.15,32245.22
2018-02-06,31.966583,30.770176,1.2429999999999999,4148.89,30595.42
2018-02-07,29.432102,29.498684,1.2455,4050.5,30323.2
2018-02-08,29.226845,29.964896999999997,1.2353,4012.05,30451.27
2018-02-09,27.906060999999998,28.862935999999998,1.2406,3840.65,29507.42
2018-02-12,28.468287,29.371534000000004,1.2358,3890.1,29459.63
2018-02-13,29.208996000000003,29.880133,1.2332,3935.63,29839.53
2018-02-14,29.601662,30.685411,1.2333,3966.96,30515.6
2018-02-22,30.074648,30.346348,1.2317,4052.73,30965.68
2018-02-23,30.984919,31.024479,1.2345,4071.09,31267.17
2018-02-26,30.503012,30.854946,1.2388,4118.42,31498.6
2018-02-27,29.360708000000002,30.346348,1.239,4058.98,31268.66
2018-02-28,29.182226,29.795365999999998,1.2362,4023.64,30844.72
2018-03-01,28.923422,29.58345,1.2311,4049.09,31044.25
2018-03-02,28.807405,29.413915999999997,1.2339,4016.46,30583.45
2018-03-05,28.718165999999997,29.413915999999997,1.2334,4018.1,29886.39
2018-03-06,30.047874,29.752983,1.2405,4066.56,30510.73
2018-03-07,29.360708000000002,28.905319,1.2388,4036.65,30196.92
2018-03-08,30.021101,29.498684,1.2365,4077.6,30654.52
2018-03-09,29.860466,29.668215000000004,1.2374,4108.87,30996.21
2018-03-12,29.11083,29.922512,1.2386,4127.67,31594.33
2018-03-13,28.985891,29.625834,1.2401,4091.25,31601.45
2018-03-14,29.182226,29.58345,1.2411,4073.35,31435.01
2018-03-15,29.146528000000004,29.58345,1.2403,4096.16,31541.1
2018-03-16,29.119754999999998,29.286765999999997,1.2382,4056.42,31501.97
2018-03-19,28.182710999999998,28.311956,1.2385,4074.25,31513.76
2018-03-20,27.968528999999997,27.676208000000003,1.2384,4077.7,31549.93
2018-03-21,28.254105,28.227188,1.2407,4061.05,31414.52
2018-03-22,27.825743,28.100040000000003,1.2388,4020.35,31071.05
2018-03-23,27.727575,27.549057,1.2423,3904.94,30309.29
2018-03-26,27.067183,27.464292999999998,1.2507,3879.89,30548.77
2018-03-27,27.682955,28.778168,1.2489,3913.27,30790.83
2018-03-28,27.959606,29.286765999999997,1.246,3842.72,30022.53
2018-03-29,30.485159000000003,30.346348,1.2478,3894.05,30093.38
2018-04-03,30.021101,29.880133,1.2477,3862.48,30180.1
2018-04-04,29.271465000000003,29.329148999999997,1.2451,3854.86,29518.69
2018-04-09,28.218407,29.795365999999998,1.2445,3852.93,30229.58
2018-04-10,28.718165999999997,29.668215000000004,1.2493,3927.17,30728.74
2018-04-11,29.101908,29.58345,1.2522,3938.34,30897.71
2018-04-12,28.423664000000002,29.413915999999997,1.2477,3898.64,30831.28
2018-04-13,27.888212,28.608639,1.251,3871.14,30808.38
2018-04-16,26.799458,27.379526000000002,1.2507,3808.86,30315.59
2018-04-17,26.701290000000004,26.998077000000002,1.2495,3748.64,30062.75
2018-04-18,26.80838,27.972889000000002,1.2511,3766.28,30284.25
2018-04-19,26.977940000000004,28.311956,1.2498,3811.84,30708.44
2018-04-20,26.906546000000002,27.803354,1.246,3760.85,30418.33
2018-04-23,26.692364,27.209991,1.2416,3766.33,30254.4
2018-04-24,27.602635999999997,28.269569,1.2443,3843.49,30636.24
2018-04-25,26.879776,27.803354,1.2403,3828.7,30328.15
2018-04-26,25.434048,26.65901,1.2382,3755.49,30007.68
2018-04-27,25.344807,26.955692,1.2394,3756.88,30280.67
2018-05-02,24.702263000000002,26.701395,1.2337,3763.65,30723.88
2018-05-03,24.389914,25.641813,1.2355,3793.0,30313.37
2018-05-04,24.015097,25.175601999999998,1.2336,3774.6,29926.5
2018-05-07,24.434535999999998,25.30275,1.2329,3834.19,29994.26
2018-05-08,25.603609,26.447097999999997,1.2322,3878.68,30402.81
2018-05-09,25.166323000000002,26.150414,1.2338,3871.62,30536.14
2018-05-10,25.050306,25.980881,1.2363,3893.06,30809.22
2018-05-11,24.934292000000003,26.404711,1.2393,3872.84,31122.06
2018-05-14,24.934292000000003,27.125227000000002,1.2382,3909.29,31541.08
2018-05-15,24.764732000000002,26.616627,1.2309,3924.1,31152.03
2018-05-16,24.300673,26.362329,1.232,3892.84,31110.2
2018-05-17,23.908007,25.938498000000003,1.2329,3864.05,30942.15
2018-05-18,24.229277,26.023264,1.2304,3903.06,31047.91
2018-05-21,24.157885,25.557049,1.2296,3921.24,31234.35
2018-05-23,23.916929,25.133217000000002,1.2287,3854.58,30665.64
2018-05-24,23.783066,25.514668,1.2304,3827.22,30760.41
2018-05-25,23.551035,25.090834,1.2275,3816.5,30588.04
2018-05-28,23.649202,24.794151,1.226,3833.26,30792.26
2018-05-29,22.846024,24.073636999999998,1.2225,3804.01,30484.58
2018-05-30,21.989296,23.734571,1.2225,3723.37,30056.79
2018-05-31,22.837099,23.776954999999997,1.2237,3802.38,30468.56
2018-06-01,23.202991,24.412704,1.2219,3770.59,30492.91
2018-06-04,24.363139999999998,26.023264,1.2244,3807.58,30997.98
2018-06-05,24.532701,27.082846000000004,1.225,3845.32,31093.45
2018-06-06,24.086491,26.701395,1.2284,3837.35,31259.1
2018-06-07,24.443459,27.252377000000003,1.2275,3831.01,31512.63
2018-06-08,23.836613,26.108028,1.2246,3779.62,30958.21
2018-06-11,24.372066,26.404711,1.2257,3779.98,31063.7
2018-06-12,24.729034,27.337142999999998,1.2255,3825.95,31103.06
2018-06-13,24.666565,26.913309,1.2267,3788.34,30725.15
2018-06-14,24.425611,26.023264,1.2261,3773.37,30440.17
2018-06-15,24.978912,26.150414,1.2191,3753.43,30309.49
2018-06-19,24.184658,25.133217000000002,1.2103,3621.12,29468.15
2018-06-20,24.059717000000003,25.217985000000002,1.2122,3635.44,29696.17
2018-06-21,24.746883,24.87892,1.2082,3592.97,29296.05
2018-06-22,25.07708,24.794151,1.2061,3608.91,29338.7
2018-06-25,23.640279999999997,23.81934,1.1997,3560.48,28961.39
2018-06-26,22.792479,23.522657000000002,1.193,3531.11,28881.4
2018-06-27,21.614479,22.293545,1.1876,3459.26,28356.26
2018-06-28,21.311054000000002,22.335928,1.1843,3423.53,28497.32
2018-06-29,21.9536,23.26836,1.1851,3510.99,28955.11
2018-07-03,20.900541,22.124012,1.1811,3409.28,28545.57
2018-07-04,20.525724,21.276348000000002,1.1825,3363.75,28241.67
2018-07-05,20.570345,21.742565,1.1823,3342.44,28182.09
2018-07-06,20.713133,21.657797,1.1815,3365.12,28315.62
2018-07-09,21.427070999999998,22.293545,1.1863,3459.18,28688.5
2018-07-10,21.552011,22.505460999999997,1.183,3467.52,28682.25
2018-07-11,20.945162,21.361116,1.1746,3407.53,28311.69
2018-07-12,21.284283,21.742565,1.1771,3481.06,28480.83
2018-07-13,21.168267999999998,21.78495,1.1729,3492.69,28525.44
2018-07-16,20.659588,21.57303,1.173,3472.09,28539.66
2018-07-17,20.507875,21.276348000000002,1.1704,3449.38,28181.68
2018-07-18,20.05274,21.191582,1.1683,3431.32,28117.42
2018-07-19,20.240149,20.852520000000002,1.1586,3428.34,28010.86
2018-07-20,20.650661,21.233967,1.1595,3492.89,28224.48
2018-07-23,21.195042,21.742565,1.1544,3525.75,28256.12
2018-07-24,21.757267000000002,22.814220000000002,1.1552,3581.71,28662.57
2018-07-25,21.578782999999998,22.770006,1.1589,3577.75,28920.9
2018-07-26,21.159344,22.593153,1.1554,3536.25,28781.14
2018-07-27,20.8113,22.416298,1.1519,3521.23,28804.28
2018-07-30,20.686359,21.797307999999997,1.1515,3515.08,28733.13
2018-07-31,20.8113,22.151016000000002,1.1514,3517.66,28583.01
2018-08-01,19.945648000000002,21.487811999999998,1.1504,3447.39,28340.74
2018-08-02,19.079998,20.647755,1.1471,3370.96,27714.56
2018-08-03,18.812271,19.98455,1.1497,3315.28,27676.32
2018-08-06,18.61594,19.763482999999997,1.1452,3273.27,27819.56
2018-08-07,19.508361999999998,20.780396,1.1491,3368.87,28248.88
2018-08-08,19.187089999999998,20.515114,1.1483,3314.51,28359.14
2018-08-09,20.061663,21.664667,1.1508,3397.53,28607.3
2018-08-10,20.686359,22.106802,1.1465,3405.02,28366.62
2018-08-13,20.561422,21.620455,1.1391,3390.34,27936.57
2018-08-14,19.918875,21.310959,1.1403,3372.91,27752.93
2018-08-15,19.901028,20.780396,1.1320000000000001,3291.98,27323.59
2018-08-16,20.275843,20.957251,1.1401,3276.73,27100.06
2018-08-17,20.249073000000003,21.929949,1.1413,3229.62,27213.41
2018-08-20,20.838072,22.106802,1.1446,3267.25,27598.02
2018-08-21,21.33783,22.902647,1.1464,3326.65,27752.79
2018-08-22,21.346752,23.212145,1.1473,3307.96,27927.58
2018-08-23,21.161289,22.946863,1.1414,3320.03,27790.46
2018-08-24,21.124199,22.504726,1.1526,3325.34,27671.87
2018-08-27,22.172062,23.43321,1.1517,3406.57,28271.27
2018-08-28,22.144241,23.875349,1.1539,3400.17,28351.62
2018-08-29,22.172062,23.565851000000002,1.1507,3386.57,28416.44
2018-08-30,21.791862,23.300570999999998,1.1468,3351.09,28164.05
2018-08-31,22.301886,24.052201999999998,1.1489,3334.5,27888.55
2018-09-03,21.838228,23.035288,1.1505,3321.83,27712.54
2018-09-04,22.654264,23.742706,1.1469,3363.9,27973.34
2018-09-05,21.708405,22.770006,1.1493,3298.14,27243.85
2018-09-06,21.152017999999998,22.460511999999998,1.1484,3262.88,26974.82
2018-09-07,21.522942,22.151016000000002,1.147,3277.64,26973.47
2018-09-10,21.754768,22.106802,1.145,3230.07,26613.42
2018-09-11,21.643494,21.753096,1.1421,3224.21,26422.55
2018-09-12,21.216928,21.532026000000002,1.1455,3202.03,26345.04
2018-09-13,21.420938,22.548941,1.1467,3236.57,27014.49
2018-09-14,21.624947,22.725796,1.1426,3242.09,27286.41
2018-09-17,21.170563,22.372084,1.1441,3204.92,26932.85
2018-09-18,21.328207,22.504726,1.1431,3269.43,27084.66
2018-09-19,22.413162,23.875349,1.1454,3312.48,27407.37
2018-09-20,22.264793,23.565851000000002,1.1454,3310.13,27477.67
2018-09-21,23.924685,24.671194,1.1383,3410.49,27953.58
2018-09-26,22.876820000000002,23.521639,1.1355,3417.24,27816.87
2018-09-27,22.672812,23.65428,1.1340000000000001,3403.59,27715.67
2018-09-28,22.533712,22.902647,1.1391,3438.87,27788.52
2018-10-08,20.447257999999998,20.824607999999998,1.1299,3290.9,26202.57
2018-10-09,20.233976000000002,20.382471,1.1316,3288.69,26172.91
2018-10-10,20.169064000000002,20.294045999999998,1.1319,3281.6,26193.07
2018-10-11,19.408669,19.23292,1.1375,3124.11,25266.37
2018-10-12,20.215429,20.515114,1.1320000000000001,3170.73,25801.49
2018-10-15,19.909418,19.807695000000002,1.1329,3126.45,25445.06
2018-10-16,19.482853,20.117191000000002,1.1338,3100.97,25462.26
2018-10-18,19.093382000000002,19.896124,1.1298,3044.39,25454.55
2018-10-19,19.992874,20.515114,1.1316,3134.95,25561.4
2018-10-22,21.161289,21.045675,1.1284,3270.27,26153.15
2018-10-23,20.530718,20.4709,1.13,3183.43,25346.55
2018-10-24,20.938736,20.647755,1.1293,3188.2,25249.78
2018-10-25,21.782589,20.559328,1.1284,3194.31,24994.46
2018-10-26,22.07933,20.957251,1.1291,3173.64,24717.63
2018-10-29,21.142744,21.089891,1.1266,3076.89,24812.04
2018-10-30,21.968052,21.045675,1.126,3110.26,24585.53
2018-10-31,22.468801000000003,21.355173,1.1244,3153.82,24979.69
2018-11-01,22.644993,22.946863,1.1320000000000001,3177.03,25416.0
2018-11-02,22.830455999999998,23.698492,1.1361,3290.25,26486.35
2018-11-05,22.292614,22.991076,1.1306,3262.84,25934.39
2018-11-06,22.385344,22.902647,1.1319,3243.15,26120.96
2018-11-07,22.116425,23.256357,1.1314,3221.91,26147.69
2018-11-08,22.246248,23.521639,1.1286,3212.77,26227.72
2018-11-09,21.838228,22.327871,1.1257,3167.44,25601.92
2018-11-12,22.144241,22.637367,1.125,3205.14,25633.18
2018-11-13,22.199881,22.681581,1.1256,3237.38,25792.87
2018-11-14,22.394617,22.858435,1.127,3204.94,25654.43
2018-11-15,22.607899,23.344786,1.1288,3242.37,26103.34
2018-11-16,22.978825,23.477425,1.1288,3257.67,26183.53
2018-11-19,24.082327,24.759619,1.1283,3294.6,26372.0
2018-11-20,23.785585,24.184843,1.1275,3218.41,25840.34
2018-11-21,24.137966,24.759619,1.1307,3226.49,25971.47
2018-11-22,23.767039999999998,23.875349,1.1297,3214.43,26019.41
2018-11-23,23.090101,23.035288,1.1261,3143.48,25927.68
2018-11-26,23.359023999999998,23.521639,1.1273,3141.24,26376.18
2018-11-27,23.136469,23.389,1.126,3137.24,26331.96
2018-11-28,23.998867,23.963776,1.1255,3178.93,26682.56
2018-11-29,23.451756,24.140629,1.1268,3137.65,26451.03
2018-11-30,23.590851,23.786921,1.124,3172.69,26506.75
2018-12-03,23.859772,24.273272,1.1356,3260.95,27182.04
2018-12-04,23.303385000000002,23.875349,1.1418,3267.71,27260.44
2018-12-05,23.461026999999998,24.229055,1.1399,3252.0,26819.68
2018-12-06,23.275564000000003,23.477425,1.135,3181.67,26156.38
2018-12-07,23.498119,23.43321,1.1371,3181.57,26063.76
2018-12-10,23.182833,23.079501999999998,1.1303,3144.76,25752.38
2018-12-11,24.082327,23.43321,1.1327,3159.82,25771.67
2018-12-12,24.434706,23.831135,1.1361,3170.61,26186.71
2018-12-13,25.130192,25.113329,1.1349,3219.69,26524.35
2018-12-14,24.536710999999997,24.936476000000003,1.1308,3165.91,26094.79
2018-12-17,24.59235,24.62698,1.1328,3161.2,26087.98
2018-12-18,23.64649,23.919560999999998,1.1340000000000001,3128.43,25814.25
2018-12-19,23.535211999999998,24.140629,1.1353,3091.13,25865.39
2018-12-20,23.461026999999998,24.184843,1.1371,3067.42,25623.53
2018-12-21,22.487349,23.610067,1.1337,3029.4,25753.42
2018-12-24,22.144241,22.770006,1.1354,3038.2,25651.38
2018-12-27,21.736225,22.991076,1.1412,2990.51,25478.88
2018-12-28,22.088604,22.991076,1.1386,3010.65,25504.2
2019-01-02,22.162788,22.593153,1.1417,2969.54,25130.35
2019-01-03,22.320431,23.035288,1.1398,2964.84,25064.36
2019-01-04,23.117922,24.229055,1.1405,3035.87,25626.03
2019-01-07,23.229198,24.62698,1.1437,3054.3,25835.7
2019-01-08,23.182833,24.538553,1.1437,3047.7,25875.45
2019-01-09,23.488848,25.201757,1.1499,3078.48,26462.32
2019-01-10,23.284838,24.936476000000003,1.1548,3072.69,26521.43
2019-01-11,23.461026999999998,25.290184,1.1593,3094.78,26667.27
2019-01-14,23.20138,24.759619,1.1588,3067.78,26298.33
2019-01-15,23.331203,24.936476000000003,1.1601,3127.99,26830.29
2019-01-16,23.572306,24.980688,1.1609,3128.65,26902.1
2019-01-17,23.155012,24.052201999999998,1.1577,3111.42,26755.63
2019-01-18,23.887592,25.290184,1.1574,3168.17,27090.81
2019-01-21,23.785585,25.290184,1.1540000000000001,3185.64,27196.54
2019-01-22,23.553759,25.0249,1.1525,3143.32,27005.45
2019-01-23,23.470299,24.671194,1.1552,3141.05,27008.2
2019-01-24,23.563029999999998,24.980688,1.1558,3158.78,27120.98
2019-01-25,24.202879,26.351309000000004,1.1626,3184.47,27569.19
2019-01-28,24.165785,26.130241,1.1632,3183.78,27576.96
2019-01-29,24.92618,26.483952000000002,1.1651,3193.97,27531.68
2019-01-30,25.232195,27.45665,1.1679,3168.48,27642.85
2019-01-31,25.732946,27.943001000000002,1.1714,3201.63,27942.47
2019-02-01,25.668034,27.235582,1.1637,3247.4,27930.74
2019-02-11,25.65876,27.235582,1.1555,3306.47,28143.84
2019-02-12,25.408383999999998,26.793446000000003,1.1586,3330.34,28171.33
2019-02-13,25.751492000000002,27.235582,1.161,3397.03,28497.59
2019-02-14,25.445478,26.970301,1.1588,3402.14,28432.05
2019-02-15,24.620167000000002,26.572378000000004,1.1587,3338.71,27900.84
2019-02-18,25.222923,26.528166,1.1597,3445.75,28347.01
2019-02-19,25.065279,25.732319,1.1612,3439.61,28228.13
2019-02-20,25.621666,26.395522999999997,1.1678,3451.93,28514.05
2019-02-21,24.991095,26.351309000000004,1.1673,3442.71,28629.92
2019-02-22,25.00964,26.528166,1.1691,3520.12,28816.3
2019-02-25,26.326426,26.926088,1.1734,3729.48,28959.3
2019-02-26,25.770037,26.793446000000003,1.1715,3684.69,28772.06
2019-02-27,25.974047,26.616591999999997,1.1738,3678.39,28757.44
2019-02-28,25.9555,26.351309000000004,1.1727,3669.37,28633.18
2019-03-01,26.465522999999997,27.147156,1.1703,3749.71,28812.17
2019-03-04,27.541206,28.075640000000003,1.1702,3794.1,28959.59
2019-03-05,27.763762,28.473564,1.1703,3816.01,28961.6
2019-03-06,27.337196000000002,28.031427,1.1697,3848.09,29037.6
2019-03-07,26.493340999999997,27.368222999999997,1.169,3808.85,28779.45
2019-03-08,25.408383999999998,26.041815,1.1679,3657.58,28228.42
2019-03-11,25.45475,26.130241,1.167,3729.96,28503.3
2019-03-12,25.45475,26.970301,1.1701,3755.35,28920.87
2019-03-13,25.788584,26.572378000000004,1.1704,3724.19,28807.45
2019-03-14,25.464024,26.262884000000003,1.1676,3698.49,28851.39
2019-03-15,26.029684,26.705019,1.1692,3745.01,29012.26
2019-03-18,27.235193,28.606203000000004,1.1694,3851.75,29409.01
2019-03-19,27.031183000000002,28.783058,1.1696,3833.96,29466.28
2019-03-20,27.383564,28.915701000000002,1.1726,3835.44,29320.97
2019-03-21,27.402107,28.871487,1.1714,3836.89,29071.56
2019-03-22,27.068277000000002,28.296709000000003,1.1681,3833.8,29113.36
2019-03-25,26.113142,27.500864,1.1696,3742.83,28523.35
2019-03-26,26.233694,26.660807000000002,1.1688,3700.44,28566.91
2019-03-27,26.845722,27.633505,1.1668,3743.39,28728.25
2019-03-28,26.706622999999997,27.898787,1.1648,3728.4,28775.21
2019-03-29,28.487064,29.180983,1.1695,3872.34,29051.36
2019-04-01,29.738937,30.861099,1.1696,3973.93,29562.02
2019-04-02,29.664753,30.684241999999998,1.1676,3971.29,29624.67
2019-04-03,30.12841,31.037952,1.1696,4022.16,29986.39
2019-04-04,29.878035999999998,30.684241999999998,1.1686,4062.23,29936.32
2019-04-08,29.247463,30.286317999999998,1.1681,4057.23,30077.15
2019-04-09,31.046447999999998,30.861099,1.1683,4075.43,30157.49
2019-04-10,30.388058,30.551601,1.1669,4085.85,30119.56
2019-04-11,29.525658,29.446262,1.1673,3997.58,29839.45
2019-04-12,28.830171999999997,29.623115999999996,1.1699,3988.62,29909.76
2019-04-15,28.691076000000002,29.667328,1.1684,3975.52,29810.72
2019-04-16,29.340193,29.402047999999997,1.1686,4085.79,30129.87
2019-04-17,28.728167,28.915701000000002,1.1729,4087.24,30124.68
2019-04-18,28.468521000000003,28.561991,1.1693,4072.08,29963.26
2019-04-23,27.365016999999998,27.368222999999997,1.1662,4019.01,29963.24
2019-04-24,27.448475,27.191370000000003,1.1666,4030.09,29805.83
2019-04-25,27.253738000000002,26.881871999999998,1.1632,3941.82,29549.8
2019-04-26,26.966271999999996,26.705019,1.1657,3889.28,29605.01
2019-05-06,25.130192,26.041815,1.1595,3684.62,29209.82
2019-05-07,25.946226,26.086026999999998,1.1582,3720.67,29363.02
2019-05-08,25.399110999999998,25.776532999999997,1.1572,3667.46,29003.2
2019-05-09,25.056005,25.24597,1.1496,3599.7,28311.07
2019-05-10,25.992594,25.776532999999997,1.1498,3730.45,28550.24
2019-05-14,25.593847,25.467037,1.1417,3645.15,28122.02
2019-05-15,25.983320000000003,25.334398,1.1416,3727.09,28268.71
2019-05-16,26.085323000000002,25.732319,1.1403,3743.96,28275.07
2019-05-17,25.371292,25.24597,1.1347,3648.76,27946.46
2019-05-20,25.278561,25.290184,1.1356,3617.79,27787.61
2019-05-21,25.519663,25.113329,1.1373,3666.78,27657.24
2019-05-22,25.371292,24.980688,1.1366,3649.38,27705.94
2019-05-23,24.777811,24.62698,1.1358,3583.97,27267.13
2019-05-24,24.870542999999998,24.848047,1.1378,3593.91,27353.93
2019-05-27,25.03746,24.62698,1.138,3637.2,27288.09
2019-05-28,25.612394000000002,24.848047,1.1359,3672.26,27390.81
2019-05-29,25.185829000000002,24.494339,1.1352,3663.91,27235.71
2019-05-30,24.963274,24.62698,1.1371,3641.18,27114.88
2019-05-31,24.759268,24.538553,1.1353,3629.79,26901.09
2019-06-03,24.518166,24.052201999999998,1.1351,3632.01,26893.86
2019-06-04,24.38834,24.096415,1.1351,3598.47,26761.52
2019-06-05,25.065279,24.582766,1.1349,3597.11,26895.44
2019-06-06,25.148737,24.759619,1.1346,3564.68,26965.28
2019-06-10,25.788584,25.422823,1.1316,3610.74,27578.64
2019-06-11,26.270785999999998,25.820747,1.1339,3719.28,27789.34
2019-06-12,25.964773,25.864962,1.1312,3691.1,27308.46
2019-06-13,25.807129,26.483952000000002,1.131,3685.39,27294.71
2019-06-14,25.89986,26.130241,1.1301,3654.88,27118.35
2019-06-17,25.881315,25.909174,1.131,3654.83,27227.16
2019-06-18,25.686581,25.776532999999997,1.1346,3667.62,27498.77
2019-06-19,25.714397,25.997602,1.1332,3715.94,28202.14
2019-06-20,26.382065,26.262884000000003,1.1407,3828.52,28550.43
2019-06-21,26.252239000000003,25.776532999999997,1.1371,3833.94,28473.71
2019-06-24,26.085323000000002,25.909174,1.1355,3841.27,28513.0
2019-06-25,25.853495000000002,25.422823,1.1352,3801.31,28185.98
2019-06-26,25.770037,25.688105,1.135,3794.33,28221.98
2019-06-27,25.816404000000002,25.688105,1.1363,3834.82,28621.42
2019-06-28,25.788584,25.909174,1.1375,3825.59,28542.62
2019-07-02,26.762264000000002,26.616591999999997,1.1353,3937.17,28875.56
2019-07-03,27.049728,27.235582,1.1332,3893.53,28855.14
2019-07-04,27.402107,27.81036,1.1332,3873.1,28795.77
2019-07-05,27.309378000000002,27.721931,1.1319,3893.2,28774.83
2019-07-08,27.031183000000002,27.677715000000003,1.1334,3802.79,28331.69
2019-07-09,27.031183000000002,26.793446000000003,1.1340000000000001,3793.13,28116.28
2019-07-10,27.049728,27.279797,1.1372,3786.74,28204.69
2019-07-11,27.086821,27.412436,1.1384,3785.22,28431.8
2019-07-12,27.494840999999997,27.545076,1.1371,3808.73,28471.62
2019-07-15,27.819401,27.721931,1.138,3824.19,28554.88
2019-07-16,27.875038,28.075640000000003,1.1368,3806.85,28619.62
2019-07-17,27.939951,28.573414,1.1367,3804.64,28593.17
2019-07-18,27.902859000000003,28.4356,1.1361,3768.4,28461.66
2019-07-19,28.477790999999996,28.527475,1.1342,3807.96,28765.4
2019-07-22,28.839445,28.251848,1.135,3781.68,28371.26
2019-07-23,27.819401,27.700591999999997,1.1355,3789.91,28466.48
2019-07-24,27.791578,27.930281,1.137,3819.83,28524.04
2019-07-25,27.893584999999998,29.715607000000002,1.1371,3851.07,28594.3
2019-07-26,27.782307,29.619751,1.1365,3858.57,28397.74
2019-07-29,27.541206,29.28425,1.1343,3854.27,28106.41
2019-07-30,27.652483,29.044609,1.1364,3870.32,28146.5
2019-07-31,26.669531,28.421539000000003,1.1375,3835.36,27777.75
2019-08-01,26.354246000000003,27.942257,1.1346,3803.47,27565.7
2019-08-02,25.974047,27.415045000000003,1.128,3747.44,26918.58
2019-08-05,25.046734,26.408546,1.112,3675.69,26151.32
2019-08-06,25.056005,25.977192000000002,1.1174,3636.33,25976.24
2019-08-07,25.371292,26.312693,1.1109,3621.43,25997.03
2019-08-08,25.640214999999998,26.504403999999997,1.1128,3669.29,26120.77
2019-08-09,25.306381,26.168905,1.1105,3633.53,25939.3
2019-08-12,25.751492000000002,26.168905,1.1117,3699.11,25824.72
2019-08-13,25.343473,25.977192000000002,1.1141,3665.75,25281.3
2019-08-14,25.15801,25.881335999999997,1.1171,3682.4,25302.28
2019-08-15,25.404049,26.264763000000002,1.1148,3694.0,25495.46
2019-08-16,25.34618,26.120977,1.1136,3710.54,25734.22
2019-08-19,25.924858,26.552334000000002,1.1128,3791.09,26291.84
2019-08-20,26.204556,26.696119,1.1109,3787.73,26231.54
2019-08-21,26.416737,27.079546,1.1107,3781.76,26270.04
2019-08-22,26.19491,27.079546,1.1063,3793.51,26048.72
2019-08-23,26.002016,26.983688,1.1054,3820.86,26179.33
2019-08-26,25.510139000000002,26.456476000000002,1.097,3765.91,25680.33
2019-08-27,25.577652,26.456476000000002,1.0957,3816.95,25664.07
2019-08-28,25.606585,26.456476000000002,1.0948,3802.58,25615.48
2019-08-29,25.047195000000002,25.929261999999998,1.0983,3790.19,25703.5
2019-08-30,24.883236,25.977192000000002,1.0953,3799.59,25724.73
2019-09-02,24.970036999999998,25.785479000000002,1.0935,3848.32,25626.55
2019-09-03,24.786791,25.737551,1.0925,3853.61,25527.85
2019-09-04,25.751257,26.504403999999997,1.097,3886.0,26523.23
2019-09-05,25.751257,26.791975,1.0964,3925.32,26515.53
2019-09-06,25.934504,26.93576,1.1016,3948.51,26690.76
2019-09-09,26.108109,26.887831,1.1011,3972.95,26681.4
2019-09-10,26.272068,26.839903000000003,1.1023,3959.27,26683.68
2019-09-11,25.953794,26.93576,1.1017,3930.1,27159.06
2019-09-12,26.792881,27.271259000000004,1.1055,3972.38,27087.63
2019-09-16,26.243134,27.510902,1.1062,3957.72,27124.55
2019-09-17,25.866991,27.223329999999997,1.103,3891.22,26790.24
2019-09-18,25.982729,27.271259000000004,1.105,3910.08,26754.12
2019-09-19,25.78019,26.696119,1.1037,3924.38,26468.95
2019-09-20,25.847701999999998,26.887831,1.1055,3935.65,26435.67
2019-09-23,25.220798000000002,26.360619,1.1014,3890.66,26222.4
2019-09-24,25.201508999999998,26.168905,1.1018,3901.08,26281.0
2019-09-25,25.095419,26.02512,1.0992,3870.98,25945.35
2019-09-26,25.288311,26.360619,1.0988,3841.14,26041.93
2019-09-27,25.07613,26.02512,1.1004,3852.65,25954.81
2019-09-30,24.979682999999998,26.168905,1.0968,3814.53,26092.27
2019-10-08,25.423338,26.504403999999997,1.0979999999999999,3837.68,25893.4
2019-10-09,25.847701999999998,26.648190000000003,1.0999,3843.24,25682.81
2019-10-10,25.674099,26.456476000000002,1.102,3874.64,25707.93
2019-10-11,25.857347,27.223329999999997,1.1065,3911.73,26308.44
2019-10-14,26.156332,27.750544,1.11,3953.24,26521.85
2019-10-15,25.818769,27.462972999999998,1.1077,3936.25,26503.93
2019-10-16,26.108109,27.654685999999998,1.1059,3922.69,26664.28
2019-10-17,26.378159000000004,27.846398999999998,1.1083,3925.22,26848.49
2019-10-18,26.002016,27.510902,1.1074,3869.38,26719.58
2019-10-21,26.657853999999997,28.13397,1.1089,3880.84,26725.68
2019-10-22,26.387804,27.702614,1.1082,3895.88,26786.2
2019-10-23,25.828413,27.175402000000002,1.1099,3871.09,26566.73
2019-10-24,25.712677,27.367115000000002,1.1087,3870.67,26797.95
2019-10-25,26.011662,27.415045000000003,1.1093,3896.79,26667.39
2019-10-28,25.924858,27.55883,1.1096,3926.59,26891.26
2019-10-29,25.722322,27.462972999999998,1.1096,3910.23,26786.76
2019-10-30,25.703032,27.415045000000003,1.1114,3891.23,26667.71
2019-10-31,25.587297,27.462972999999998,1.1134,3886.75,26906.72
2019-11-01,25.876637,27.798471000000003,1.1141,3952.39,27100.76
2019-11-04,25.905571,28.08604,1.1148,3978.12,27547.3
2019-11-05,25.924858,27.990184999999997,1.1178,4002.81,27683.4
2019-11-06,25.703032,27.606756,1.1182,3984.88,27688.64
2019-11-07,25.625875,27.55883,1.1216,3991.88,27847.23
2019-11-08,25.789835,27.367115000000002,1.1192,3973.01,27651.14
2019-11-11,25.442625,26.93576,1.1166,3902.98,26926.55
2019-11-12,25.34618,27.223329999999997,1.1167,3903.69,27065.28
2019-11-13,25.259377999999998,26.696119,1.1152,3899.98,26571.46
2019-11-14,25.452271,26.791975,1.1153,3905.86,26323.69
2019-11-15,25.548717,27.031617999999998,1.1167,3877.09,26326.66
2019-11-18,25.481205,27.127474,1.1143,3907.93,26681.09
2019-11-19,25.770544,27.702614,1.1139,3947.04,27093.8
2019-11-20,25.703032,27.55883,1.1118,3907.86,26889.61
2019-11-21,25.799479,27.175402000000002,1.1128,3889.6,26466.88
2019-11-22,26.050241,27.462972999999998,1.1118,3850.0,26595.08
2019-11-25,27.631966,28.900824,1.1125,3878.21,26993.04
2019-11-26,27.342627,28.996681,1.1128,3891.65,26913.92
2019-11-27,27.005062,28.661182,1.1138,3875.62,26954.0
2019-11-28,26.812168,28.613255,1.1124,3862.3,26893.73
2019-11-29,26.715722999999997,28.08604,1.1132,3828.67,26346.49
2019-12-02,27.053286,28.565325,1.1122,3836.06,26444.72
2019-12-03,27.005062,28.469469,1.1086,3851.09,26391.3
2019-12-04,26.792881,28.229828,1.1105,3849.82,26062.56
2019-12-05,26.812168,27.990184999999997,1.1113,3879.36,26217.04
2019-12-06,26.870037,28.373613,1.1129,3902.39,26498.37
2019-12-09,27.169022,28.565325,1.1121,3895.45,26494.73
2019-12-10,26.908615,28.517396999999995,1.1126,3900.38,26436.62
2019-12-11,27.005062,28.709112,1.1102,3902.75,26645.43
2019-12-12,27.005062,28.757040000000003,1.1142,3891.02,26994.14
2019-12-13,27.149733,29.188396,1.1161,3968.22,27687.76
2019-12-16,28.403540000000003,29.571823,1.114,3987.55,27508.09
2019-12-17,29.368006,30.53039,1.1131,4041.8,27843.71
2019-12-18,29.232978999999997,30.674175,1.1122,4032.78,27884.21
2019-12-19,29.927396999999996,30.913815999999997,1.1125,4027.15,27800.49
2019-12-20,30.5543,31.584815999999996,1.1127,4017.25,27871.35
2019-12-23,29.908106,31.393101,1.1105,3967.1,27906.41
2019-12-24,29.300490999999997,31.249315000000003,1.1114,3992.96,27864.21
2019-12-27,29.898462,31.920313,1.1131,4022.03,28225.42
2019-12-30,30.448208,31.728597999999998,1.1146,4081.63,28319.39
2019-12-31,31.036533000000002,31.872384999999998,1.1186,4096.58,28189.75
2020-01-02,31.403029999999998,32.926807000000004,1.1186,4152.24,28543.52
2020-01-03,30.911152,31.968241,1.1164,4144.97,28451.5
2020-01-06,30.390340999999996,31.536888,1.114,4129.3,28226.19
2020-01-07,30.631456,31.728597999999998,1.1194,4160.23,28322.06
2020-01-08,30.5543,31.536888,1.1195,4112.32,28087.92
2020-01-09,31.055821999999996,32.159954,1.1204,4164.37,28561.0
2020-01-10,30.342115000000003,31.15346,1.1224,4163.19,28638.2
2020-01-13,30.5543,31.441028999999997,1.1274,4203.99,28954.94
2020-01-14,30.274603000000003,31.15346,1.1296,4189.89,28885.14
2020-01-15,29.406584000000002,30.817963,1.1275,4166.73,28773.59
2020-01-16,29.445164000000002,30.817963,1.1295,4149.04,28883.04
2020-01-17,29.377648999999998,30.865890999999998,1.1325,4154.85,29056.42
2020-01-20,28.808615000000003,29.859392,1.1313,4185.83,28795.91
2020-01-21,28.172065999999997,28.613255,1.1261,4114.31,27985.33
2020-01-22,29.040087,29.523893,1.1261,4131.93,28341.04
2020-01-23,27.959884999999996,28.661182,1.1196,4003.9,27909.12
2020-02-03,25.683743,26.744045,1.1059999999999999,3688.36,26356.98
2020-02-04,26.638565000000003,27.462972999999998,1.1099,3785.64,26675.98
2020-02-05,26.657853999999997,27.55883,1.1132,3828.53,26786.74
2020-02-06,26.908615,28.373613,1.1136,3899.78,27493.7
2020-02-07,26.522828999999998,28.373613,1.109,3899.87,27404.27
2020-02-10,27.651255,28.709112,1.1119,3916.01,27241.34
2020-02-11,28.046685999999998,29.188396,1.1148,3952.46,27583.88
2020-02-12,28.046685999999998,29.380108,1.1144,3984.43,27823.66
2020-02-13,28.885772999999997,29.619751,1.1131,3959.92,27730.0
2020-02-14,29.705568,30.386606,1.1116,3987.73,27815.6
2020-02-17,29.339071,30.290748999999998,1.1127,4077.42,27959.6
2020-02-18,28.644655,29.140466999999997,1.1106,4057.51,27530.2
2020-02-19,28.596432,29.811464,1.1104,4051.31,27655.81
2020-02-20,28.789326000000003,29.619751,1.1079999999999999,4144.66,27609.16
2020-02-21,28.210646,29.140466999999997,1.1082,4149.49,27308.81
2020-02-24,27.873081,28.613255,1.1087,4132.84,26820.88
2020-02-25,28.287803999999998,28.757040000000003,1.1108,4123.85,26893.23
2020-02-26,29.040087,29.044609,1.1098,4073.02,26696.49
2020-02-27,28.615721,29.236321999999998,1.1126,4084.88,26778.62
2020-02-28,28.538565000000002,28.757040000000003,1.115,3940.05,26129.93
2020-03-02,30.023842,29.811464,1.1178,4069.67,26291.68
2020-03-03,29.994909000000003,29.475965000000002,1.1165,4091.36,26284.82
2020-03-04,31.113688,30.386606,1.122,4115.05,26222.07
2020-03-05,31.152267,31.201387,1.1204,4206.73,26767.87
2020-03-06,30.023842,30.051105,1.1209,4138.51,26146.67
2020-03-09,29.474096000000003,28.613255,1.1187,3997.13,25040.46
2020-03-10,29.753791999999997,29.188396,1.1168,4082.73,25392.51
2020-03-11,29.300490999999997,28.948753000000004,1.1163,4028.43,25231.61
2020-03-12,28.847193,28.277756,1.1073,3950.91,24309.07
2020-03-13,28.355314,28.038113,1.1088,3895.31,24032.91
2020-03-16,27.429428,26.408546,1.1106,3727.84,23063.57
2020-03-17,27.111155,26.02512,1.1086,3709.68,23263.73
2020-03-18,25.365469,23.053558,1.102,3636.26,22291.82
2020-03-19,24.381714000000002,22.238777,1.0918,3589.09,21709.13
2020-03-20,24.883236,24.203842,1.0932,3653.22,22805.07
2020-03-23,23.64872,22.47842,1.0937,3530.31,21696.13
2020-03-24,23.995926,23.245274,1.0981,3625.12,22663.49
2020-03-25,25.577652,24.587269,1.0902,3722.52,23527.19
2020-03-26,25.278666,24.107985,1.0961,3698.05,23352.34
2020-03-27,25.625875,24.731052,1.0925,3710.06,23484.28
2020-03-30,25.114708,24.203842,1.0921,3674.11,23175.11
2020-03-31,24.719276,24.491411,1.0945,3686.16,23603.48
2020-04-01,25.558363,24.347626,1.092,3675.08,23085.79
2020-04-02,25.915216,24.778982,1.094,3734.53,23280.06
2020-04-03,25.828413,24.87484,1.0933,3713.22,23236.11
2020-04-07,26.088818,25.497908,1.1002,3798.02,24253.29
2020-04-08,25.953794,24.922767999999998,1.0971,3780.34,23970.37
2020-04-09,25.741611,25.018625,1.1008,3792.81,24300.33
2020-04-14,26.349224,25.162409,1.0997,3825.7,24435.4
2020-04-15,25.751257,24.443482999999997,1.0967,3797.36,24145.34
2020-04-16,25.625875,23.964199,1.0948,3802.38,24006.45
2020-04-17,25.7609,24.491411,1.0957,3839.49,24380.0
2020-04-20,25.577652,24.060057,1.0958,3853.46,24330.02
2020-04-21,25.105064000000002,23.580772,1.0928,3808.05,23793.55
2020-04-22,25.191866,23.484915,1.094,3839.38,23893.36
2020-04-23,25.085773,23.436987,1.0967,3829.75,23977.32
2020-04-24,24.757856,23.149416,1.0945,3796.97,23831.33
2020-04-27,24.921814,23.772485999999997,1.0936,3822.77,24280.14
2020-04-28,25.442625,24.299698,1.0947,3849.15,24575.96
2020-04-29,25.818769,24.731052,1.0952,3867.03,24643.59
2020-05-06,25.394403,24.203842,1.0911,3936.25,24137.48
2020-05-07,25.066484,23.820415,1.0942,3924.9,23980.63
2020-05-08,25.34618,24.155914000000003,1.0958,3963.62,24230.17
2020-05-11,25.47156,24.443482999999997,1.092,3960.18,24602.06
2020-05-12,25.008617,23.964199,1.0943,3960.24,24245.68
2020-05-13,24.970036999999998,23.964199,1.0928,3968.25,24180.3
2020-05-14,24.593897,23.149416,1.0924,3925.22,23829.74
2020-05-15,24.584251000000002,23.197346,1.0914,3912.82,23797.47
2020-05-18,25.278666,23.293201,1.0904,3922.91,23934.77
2020-05-19,25.191866,24.347626,1.0918,3956.25,24388.13
2020-05-20,24.709633,24.060057,1.0926,3935.22,24399.95
2020-05-21,24.671053,24.012127,1.0899,3913.8,24280.03
2020-05-22,24.275620999999997,23.245274,1.0879,3824.06,22930.14
2020-05-25,24.526384,23.580772,1.0864,3829.32,22952.24
2020-05-26,24.902525,24.155914000000003,1.0866,3872.77,23384.66
2020-05-27,24.979682999999998,24.060057,1.0816,3845.61,23301.36
2020-05-28,25.201508999999998,23.964199,1.0849,3856.63,23132.76
2020-05-29,24.815723000000002,24.107985,1.0863,3867.02,22961.47
2020-06-01,25.47156,24.922767999999998,1.0875,3971.34,23732.52
2020-06-02,26.175621,25.258266,1.0915,3983.57,23995.94
2020-06-03,25.876637,25.162409,1.0894,3983.65,24325.62
2020-06-04,25.78019,25.737551,1.0899,3982.19,24366.3
2020-06-05,25.49085,25.402051999999998,1.0941,4001.25,24770.41
2020-06-08,25.65481,25.018625,1.0959,4021.96,24776.77
2020-06-09,25.481205,25.258266,1.0951,4047.03,25057.22
2020-06-10,25.278666,25.114481,1.0976,4039.71,25049.73
2020-06-11,25.008617,24.25177,1.097,3995.89,24480.15
2020-06-12,24.863947,23.964199,1.0941,4003.08,24301.38
2020-06-15,24.728920000000002,23.389059,1.0931,3954.99,23776.95
2020-06-16,24.902525,23.820415,1.0937,4014.57,24344.09
2020-06-17,24.757856,24.012127,1.0938,4017.59,24481.41
2020-06-18,24.970036999999998,24.060057,1.0932,4044.38,24464.94
2020-06-19,25.047195000000002,24.443482999999997,1.0959999999999999,4098.71,24643.89
2020-06-22,24.777145,23.6287,1.0965,4102.05,24511.34
2020-06-23,24.642118,23.772485999999997,1.0979999999999999,4121.79,24907.34
2020-06-24,25.461916,23.6287,1.095,4138.99,24781.58
2020-06-29,24.998972,23.436987,1.0945,4109.72,24301.28
2020-06-30,25.230444,23.484915,1.097,4163.96,24427.19
2020-07-02,27.361915999999997,25.258266,1.0967,4335.85,25124.19
2020-07-03,27.631966,25.833408,1.0968,4419.6,25373.12
2020-07-06,29.917751000000003,27.846398999999998,1.104,4670.1,26339.16
2020-07-07,29.252270000000003,27.079546,1.105,4698.13,25975.66
2020-07-08,29.416228999999998,27.175402000000002,1.1064,4774.0,26129.18
2020-07-09,29.541609,27.654685999999998,1.1081,4840.77,26210.16
2020-07-10,28.133488,26.456476000000002,1.1074,4753.13,25727.41
2020-07-13,28.143133000000002,26.456476000000002,1.1077,4852.96,25772.12
2020-07-14,27.911661,25.929261999999998,1.1063,4806.69,25477.89
2020-07-15,27.284758,25.833408,1.1093,4744.47,25481.58
2020-07-16,26.561409,25.6,1.1094,4516.25,24970.69
2020-07-17,26.262423,25.15,1.1089,4544.7,25089.17
2020-07-20,27.294401,26.049999,1.11,4680.31,25057.99
2020-07-21,27.014708000000002,25.9,1.1103,4691.04,25635.66
2020-07-22,26.898970000000002,25.549999,1.1074,4714.45,25057.94
2020-07-23,26.542118,25.75,1.1067,4712.44,25263.0
2020-07-24,26.06953,25.1,1.1045,4505.59,24705.33
2020-07-27,25.770544,24.65,1.1079,4528.45,24603.26
2020-07-28,25.915216,24.4,1.107,4568.26,24772.76
2020-07-29,26.146688,24.799999,1.1069,4679.01,24883.14
2020-07-30,25.953794,24.65,1.1058,4656.15,24710.59
2020-07-31,25.886282,24.4,1.1111,4695.05,24595.35
2020-08-03,26.291357,24.450001,1.1102,4771.31,24458.13
2020-08-04,26.763946999999998,25.0,1.1114,4775.8,24946.63
2020-08-05,26.378159000000004,24.799999,1.1173,4777.11,25102.54
2020-08-06,26.387804,25.1,1.1146,4762.76,24930.58
2020-08-07,26.06953,24.6,1.1123,4707.93,24531.62
2020-08-10,26.821814,24.9,1.1133,4724.87,24377.43
2020-08-11,26.889326,25.15,1.1157,4681.78,24890.68
2020-08-12,27.689833,25.75,1.1173,4647.65,25244.02
2020-08-13,27.593388,25.85,1.1159,4635.71,25230.67
2020-08-14,27.66,26.0,1.1151,4704.63,25183.01
2020-08-17,28.209999,26.200001,1.1179,4815.23,25347.34
2020-08-18,27.700001,26.049999,1.1197,4812.76,25367.38
2020-08-19,27.440001000000002,25.950001,1.1199,4740.68,25178.91
2020-08-20,27.469998999999998,25.450001,1.1206,4679.15,24791.39
2020-08-21,27.360001,25.700001,1.1201,4718.84,25113.84
2020-08-24,27.16,25.5,1.12,4755.85,25551.58
2020-08-25,27.190001000000002,25.299999,1.1212,4761.95,25486.22
2020-08-26,27.08,25.4,1.1255,4706.13,25491.79
2020-08-27,26.950001,24.65,1.1242,4731.35,25281.15
2020-08-28,27.559998999999998,24.85,1.1289,4844.27,25422.06
2020-08-31,27.200001,24.1,1.1317,4816.22,25177.05
2020-09-01,27.219998999999998,23.9,1.135,4842.12,25184.85
2020-09-02,27.530001000000002,24.1,1.1333,4843.89,25120.09
2020-09-03,27.809998999999998,24.25,1.1317,4817.1,25007.6
2020-09-04,28.07,24.35,1.1327,4770.22,24695.45
2020-09-07,28.440001000000002,24.549999,1.1347,4669.37,24589.65
2020-09-08,28.280001000000002,24.5,1.1321,4694.39,24624.34
2020-09-09,27.98,24.75,1.1342,4584.59,24468.93
2020-09-10,28.450001,24.85,1.1340000000000001,4581.98,24313.54
2020-09-11,27.99,24.549999,1.1340000000000001,4627.28,24503.31
2020-09-14,27.690001000000002,24.049999,1.138,4651.05,24640.28
2020-09-15,27.879998999999998,24.25,1.1426,4688.48,24732.76
2020-09-16,28.190001000000002,24.799999,1.1474,4657.36,24725.63
2020-09-17,28.1,24.85,1.1458,4632.71,24340.85
2020-09-18,29.27,25.35,1.1449,4737.09,24455.41
2020-09-21,29.139999,24.65,1.1388,4691.43,23950.69
2020-09-22,28.959999,24.5,1.1431,4635.76,23716.85
2020-09-23,28.67,24.1,1.1382,4652.33,23742.51
2020-09-24,28.1,23.700001,1.1349,4563.07,23311.07
2020-09-25,27.620001000000002,23.0,1.1357,4570.02,23235.42
2020-09-28,28.41,23.85,1.1378,4581.91,23476.05
2020-09-29,28.35,23.450001,1.1371,4591.8,23275.53
2020-09-30,28.0,23.65,1.1412,4587.4,23459.05
2020-10-09,28.02,23.85,1.1576,4681.14,24119.13
2020-10-12,28.33,24.0,1.1489,4823.16,24649.68
2020-10-14,27.75,23.700001,1.1541,4807.1,24667.09
2020-10-15,27.719998999999998,23.450001,1.1524,4798.74,24158.54
2020-10-16,27.84,24.1,1.1571,4791.68,24386.79
2020-10-19,27.74,24.049999,1.1597,4755.49,24542.26
2020-10-20,27.459999,24.1,1.1608,4793.47,24569.54
2020-10-21,27.6,24.1,1.1652,4792.83,24754.42
2020-10-22,27.98,24.549999,1.1593,4777.98,24786.13
2020-10-23,27.92,24.950001,1.159,4718.49,24918.78
2020-10-27,27.5,24.200001,1.1558,4699.28,24787.19
2020-10-28,26.959999,23.9,1.1518,4737.27,24708.8
2020-10-29,27.469998999999998,23.75,1.1545,4772.92,24586.6
2020-10-30,27.49,24.0,1.1588,4695.33,24107.42
2020-11-02,27.950001,24.5,1.1585,4720.83,24460.01
2020-11-03,28.030001000000002,24.9,1.1608,4777.56,24939.73
2020-11-04,28.16,24.950001,1.1652,4813.66,24886.14
2020-11-05,29.25,26.700001,1.1739,4885.11,25695.92
2020-11-06,29.459999,27.450001,1.1726,4885.72,25712.97
2020-11-09,29.57,27.200001,1.1694,4981.35,26016.17
2020-11-10,29.33,27.75,1.172,4953.88,26301.48
2020-11-11,29.77,28.9,1.1692,4904.9,26226.98
2020-11-12,29.76,28.15,1.1726,4908.46,26169.38
2020-11-13,29.049999,27.65,1.1736,4856.85,26156.86
2020-11-16,29.200001,27.299999,1.1775,4904.17,26381.67
2020-11-17,29.950001,28.4,1.1823,4894.79,26415.09
2020-11-18,30.76,28.950001,1.1817,4891.67,26544.29
2020-11-19,30.91,29.049999,1.1777,4927.99,26356.97
2020-11-20,30.870001000000002,29.0,1.1813,4943.29,26451.54
2020-11-23,31.040001,28.549999,1.177,5005.03,26486.2
2020-11-24,30.85,28.549999,1.176,4974.29,26588.2
2020-11-25,30.799999,28.700001,1.1782,4910.7,26669.75
2020-11-26,30.940001000000002,28.9,1.1787,4919.59,26819.45
2020-11-27,31.610001,29.700001,1.1782,4980.77,26894.68
2020-11-30,30.700001,29.450001,1.1783,4960.25,26341.49
2020-12-01,30.75,28.549999,1.1795,5067.1,26567.68
2020-12-02,31.129998999999998,28.9,1.1812,5067.15,26532.58
2020-12-03,30.9,28.299999,1.1847,5057.06,26728.5
2020-12-04,30.0,27.549999,1.1866,5065.92,26835.92
2020-12-07,29.41,27.0,1.1869,5022.23,26506.85
2020-12-08,29.18,26.4,1.1864,5009.88,26304.56
2020-12-09,28.66,26.5,1.1847,4942.7,26502.84
2020-12-10,28.58,26.1,1.1845,4940.52,26410.59
2020-12-11,28.459999,26.0,1.1840000000000002,4889.63,26505.87
2020-12-14,28.92,26.4,1.1835,4934.84,26389.52
2020-12-15,28.549999,26.4,1.1855,4945.1,26207.29
2020-12-16,28.6,26.25,1.1867,4953.87,26460.29
2020-12-17,28.84,26.65,1.1865,5017.48,26678.38
2020-12-18,28.5,26.35,1.1854,4999.97,26498.6
2020-12-21,28.17,25.450001,1.1837,5046.84,26306.68
2020-12-22,28.049999,25.450001,1.1849,4964.77,26119.25
2020-12-23,27.83,25.5,1.1854,5007.12,26343.1
2020-12-28,28.42,25.75,1.186,5064.42,26314.63
2020-12-29,28.52,26.4,1.1873,5042.94,26568.49
2020-12-30,28.379998999999998,26.4,1.1885,5113.71,27147.11
2021-01-04,27.780001000000002,25.950001,1.2,5267.72,27472.81
2021-01-05,27.91,26.0,1.2009,5368.51,27649.86
2021-01-06,28.75,26.299999,1.1997,5417.67,27692.3
2021-01-07,28.790001,26.299999,1.1969,5513.66,27548.52
2021-01-08,29.34,26.9,1.1976,5495.43,27878.22
2021-01-11,29.780001000000002,28.35,1.1966,5441.16,27908.22
2021-01-12,29.700001,28.6,1.1998,5596.35,28276.75
2021-01-13,29.9,29.799999,1.1988,5577.97,28235.6
2021-01-14,29.99,30.0,1.1975,5470.46,28496.86
2021-01-15,29.950001,29.25,1.1965,5458.08,28573.86
2021-01-18,31.26,31.15,1.1941,5518.52,28862.77
2021-01-19,31.280001000000002,31.75,1.1965,5437.52,29642.28
2021-01-20,30.5,31.299999,1.1988,5476.43,29962.47
2021-01-21,30.1,30.700001,1.1996,5564.97,29927.76
2021-01-22,29.26,29.549999,1.196,5569.78,29447.85
2021-01-25,29.360001,29.4,1.1963,5625.92,30159.01
2021-01-26,29.700001,29.85,1.1991,5512.97,29391.26
2021-01-27,29.4,29.450001,1.1957,5528.0,29297.53
2021-01-28,28.43,28.5,1.2021,5377.14,28550.77
2021-01-29,27.790001,27.85,1.2061,5351.97,28283.71
2021-02-01,28.07,28.15,1.1986,5417.65,28892.86
2021-02-02,28.34,28.6,1.2004,5501.09,29248.7
2021-02-03,27.92,28.450001,1.1995,5485.2,29307.46
2021-02-04,27.889999,28.200001,1.1979,5473.95,29113.5
2021-02-05,28.879998999999998,29.049999,1.199,5483.41,29288.68
2021-02-08,29.129998999999998,29.5,1.2021,5564.56,29319.47
2021-02-09,28.75,29.1,1.2046,5686.25,29476.19
2021-02-10,28.83,29.5,1.2004,5807.72,30038.72
2021-02-18,30.01,30.5,1.195,5768.38,30595.27
2021-02-19,29.84,30.75,1.2006,5778.84,30644.73
2021-02-22,29.73,30.5,1.1994,5597.33,30319.83
2021-02-23,30.01,30.5,1.199,5579.67,30632.64
2021-02-24,29.99,29.9,1.2009999999999998,5437.57,29718.24
2021-02-25,32.990002000000004,33.549999,1.2012,5469.56,30074.17
2021-02-26,33.099998,32.900002,1.1982,5336.76,28980.21
2021-03-01,33.349998,33.099998,1.1996,5418.78,29452.57
2021-03-02,33.290001000000004,32.950001,1.1988,5349.63,29095.86
2021-03-03,33.5,33.299999,1.1993,5452.21,29880.42
2021-03-04,32.689999,32.599998,1.1991,5280.71,29236.79
2021-03-05,31.540001,31.549999,1.1951,5262.8,29098.29
2021-03-08,31.200001,30.700001,1.1904,5080.02,28540.83
2021-03-09,31.02,30.6,1.193,4971.0,28773.23
2021-03-10,30.690001000000002,30.75,1.1931,5003.61,28907.52
2021-03-11,31.15,30.9,1.195,5128.22,29385.61
2021-03-12,31.49,31.25,1.1931,5146.38,28739.72
2021-03-15,31.440001000000002,31.549999,1.1947,5035.54,28833.76
2021-03-16,32.900002,33.099998,1.1937,5079.36,29027.69
2021-03-17,32.709998999999996,33.349998,1.1941,5100.86,29034.12
2021-03-18,32.700001,33.049999,1.1935,5141.77,29405.72
2021-03-19,31.200001,32.200001,1.1931,5007.09,28990.94
2021-03-22,31.629998999999998,32.299999,1.1934,5057.15,28885.34
2021-03-23,31.42,32.200001,1.1921,5009.25,28497.38
2021-03-24,30.76,31.15,1.1906,4928.69,27918.14
2021-03-25,30.549999,30.75,1.1868,4926.35,27899.61
2021-03-26,30.719998999999998,31.0,1.1877,5037.99,28336.43
2021-03-29,31.0,31.9,1.183,5046.88,28338.3
2021-03-30,31.370001000000002,32.150002,1.183,5094.73,28577.5
2021-03-31,30.0,30.450001,1.1865,5048.36,28378.35
2021-04-01,29.83,29.15,1.1845,5110.78,28938.74
2021-04-07,29.700001,29.4,1.1899,5103.74,28674.8
2021-04-08,29.17,28.299999,1.1874,5112.21,29008.07
2021-04-09,28.860001,28.450001,1.1871,5035.34,28698.8
2021-04-12,28.59,28.25,1.1871,4947.75,28453.28
2021-04-13,28.33,27.6,1.1879,4939.64,28497.25
2021-04-14,28.76,28.1,1.1895,4980.63,28900.83
2021-04-15,28.620001000000002,27.9,1.1908,4948.97,28793.14
2021-04-16,28.870001000000002,28.25,1.1916,4966.18,28969.71
2021-04-19,29.0,28.25,1.1929,5087.02,29106.15
2021-04-20,28.73,28.4,1.1942,5083.37,29135.73
2021-04-21,28.65,27.75,1.1961,5098.75,28621.92
2021-04-22,29.02,27.950001,1.1955,5089.24,28755.34
2021-04-23,28.09,26.549999,1.1946,5135.45,29078.75
2021-04-26,27.700001,25.85,1.1965,5077.24,28952.83
2021-04-27,27.93,26.450001,1.1971,5090.52,28941.54
2021-04-28,27.68,26.35,1.1982,5119.24,29071.34
2021-04-29,27.889999,27.049999,1.1996,5164.17,29303.26
2021-04-30,28.17,27.200001,1.1996,5123.49,28724.88
2021-05-06,27.92,26.75,1.2018,5061.13,28637.46
2021-05-07,28.02,26.950001,1.2073,4996.05,28610.65
