date,value
2007/10/11,6.85
2007/10/12,6.46
2007/10/15,7.09
2007/10/16,7.29
2007/10/17,7.12
2007/10/18,7.11
2007/10/19,6.91
2007/10/22,6.63
2007/10/23,6.3
2007/10/24,6.11
2007/10/25,6.49
2007/10/26,6.43
2007/10/29,6.66
2007/10/30,6.99
2007/10/31,7.28
2007/11/1,7.09
2007/11/2,6.63
2007/11/5,6.71
2007/11/6,7.2
2007/11/7,7.42
2007/11/8,6.81
2007/11/9,6.59
2007/11/12,6.83
2007/11/13,7.22
2007/11/14,7.28
2007/11/15,7.35
2007/11/16,7.29
2007/11/19,7.38
2007/11/20,6.81
2007/11/21,6.67
2007/11/23,6.67
2007/11/26,7.53
2007/11/27,7.42
2007/11/28,7.51
2007/11/29,7.45
2007/11/30,7.29
2007/12/3,6.97
2007/12/4,7.27
2007/12/5,7.04
2007/12/6,7.29
2007/12/7,7.04
2007/12/10,6.98
2007/12/11,7.12
2007/12/12,7.22
2007/12/13,7.46
2007/12/14,7.09
2007/12/17,7.06
2007/12/18,7.16
2007/12/19,7.18
2007/12/20,7.19
2007/12/21,7.03
2007/12/24,7.03
2007/12/26,6.94
2007/12/27,6.8
2007/12/28,7.11
2007/12/31,7.11
2008/1/2,7.83
2008/1/3,7.84
2008/1/4,7.51
2008/1/7,7.61
2008/1/8,7.59
2008/1/9,7.89
2008/1/10,7.96
2008/1/11,8.13
2008/1/14,8.45
2008/1/15,8.43
2008/1/16,8.23
2008/1/17,8.1
2008/1/18,8.42
2008/1/22,7.97
2008/1/23,7.84
2008/1/24,7.85
2008/1/25,7.8
2008/1/28,7.87
2008/1/29,8.1
2008/1/30,8.17
2008/1/31,8.1
2008/2/1,7.88
2008/2/4,7.56
2008/2/5,7.8
2008/2/6,7.94
2008/2/7,7.99
2008/2/8,8.06
2008/2/11,8.38
2008/2/12,8.37
2008/2/13,8.35
2008/2/14,8.5
2008/2/15,8.73
2008/2/19,8.91
2008/2/20,9.08
2008/2/21,8.9
2008/2/22,8.65
2008/2/25,9.15
2008/2/26,9.21
2008/2/27,9.21
2008/2/28,9.11
2008/2/29,9.1
2008/3/3,9.07
2008/3/4,9.21
2008/3/5,9.37
2008/3/6,9.7
2008/3/7,9.82
2008/3/10,9.59
2008/3/11,9.85
2008/3/12,9.69
2008/3/13,9.74
2008/3/14,9.84
2008/3/17,9.59
2008/3/18,9.1
2008/3/19,9.11
2008/3/20,8.54
2008/3/24,8.99
2008/3/25,9.28
2008/3/26,9.25
2008/3/27,9.3
2008/3/28,9.36
2008/3/31,9.86
2008/4/1,9.92
2008/4/2,9.6
2008/4/3,9.68
2008/4/4,9.36
2008/4/7,9.48
2008/4/8,9.78
2008/4/9,9.88
2008/4/10,10.18
2008/4/11,10.07
2008/4/14,10.03
2008/4/15,10.16
2008/4/16,10.11
2008/4/17,10.27
2008/4/18,10.08
2008/4/21,10.5
2008/4/22,10.56
2008/4/23,10.33
2008/4/24,10.58
2008/4/25,10.72
2008/4/28,10.95
2008/4/29,10.94
2008/4/30,10.81
2008/5/1,10.66
2008/5/2,10.37
2008/5/5,10.77
2008/5/6,11.09
2008/5/7,11.08
2008/5/8,11.33
2008/5/9,11.29
2008/5/12,11.38
2008/5/13,11.18
2008/5/14,11.52
2008/5/15,11.41
2008/5/16,11.31
2008/5/19,11.1
2008/5/20,10.94
2008/5/21,11.4
2008/5/22,11.57
2008/5/23,11.56
2008/5/27,11.85
2008/5/28,11.6
2008/5/29,11.81
2008/5/30,11.43
2008/6/2,11.8
2008/6/3,12.27
2008/6/4,12.17
2008/6/5,12.49
2008/6/6,12.71
2008/6/9,12.71
2008/6/10,12.72
2008/6/11,12.49
2008/6/12,12.51
2008/6/13,12.51
2008/6/16,12.73
2008/6/17,12.87
2008/6/18,12.93
2008/6/19,13.09
2008/6/20,12.76
2008/6/23,12.92
2008/6/24,12.96
2008/6/25,12.76
2008/6/26,12.7
2008/6/27,13.1
2008/6/30,13.19
2008/7/1,13.28
2008/7/2,13.31
2008/7/3,13
2008/7/7,12.96
2008/7/8,12.47
2008/7/9,12.1
2008/7/10,11.83
2008/7/11,12.15
2008/7/14,11.58
2008/7/15,11.79
2008/7/16,11.15
2008/7/17,11.43
2008/7/18,10.54
2008/7/21,10.58
2008/7/22,10.16
2008/7/23,9.88
2008/7/24,9.7
2008/7/25,9.34
2008/7/28,9.26
2008/7/29,9.17
2008/7/30,9.01
2008/7/31,9.26
2008/8/1,9.05
2008/8/4,9.2
2008/8/5,8.66
2008/8/6,8.7
2008/8/7,8.77
2008/8/8,8.22
2008/8/11,8.18
2008/8/12,8.23
2008/8/13,8.11
2008/8/14,8.15
2008/8/15,7.82
2008/8/18,7.74
2008/8/19,7.73
2008/8/20,8.02
2008/8/21,8.04
2008/8/22,7.98
2008/8/25,7.63
2008/8/26,8.02
2008/8/27,8.54
2008/8/28,8.36
2008/8/29,8.24
2008/9/2,8.24
2008/9/3,7.26
2008/9/4,7.24
2008/9/5,7.4
2008/9/8,7.68
2008/9/9,7.28
2008/9/10,7.65
2008/9/11,7.83
2008/9/12,8.02
2008/9/15,8.02
2008/9/16,7.76
2008/9/17,7.72
2008/9/18,8.26
2008/9/19,7.79
2008/9/22,7.66
2008/9/23,7.84
2008/9/24,8.15
2008/9/25,7.63
2008/9/26,7.42
2008/9/29,7.13
2008/9/30,7.17
2008/10/1,7.41
2008/10/2,7.64
2008/10/3,7.16
2008/10/6,6.87
2008/10/7,6.74
2008/10/8,6.58
2008/10/9,6.69
2008/10/10,6.52
2008/10/13,6.62
2008/10/14,6.74
2008/10/15,6.64
2008/10/16,6.65
2008/10/17,6.76
2008/10/20,6.98
2008/10/21,6.76
2008/10/22,6.94
2008/10/23,6.77
2008/10/24,6.29
2008/10/27,6.27
2008/10/28,6.4
2008/10/29,6.58
2008/10/30,6.75
2008/10/31,6.18
2008/11/3,6.45
2008/11/4,6.79
2008/11/5,6.94
2008/11/6,7.04
2008/11/7,6.6
2008/11/10,7.07
2008/11/11,7.02
2008/11/12,6.65
2008/11/13,6.31
2008/11/14,6.33
2008/11/17,6.55
2008/11/18,6.74
2008/11/19,6.76
2008/11/20,6.76
2008/11/21,6.56
2008/11/24,6.85
2008/11/25,6.71
2008/11/26,6.43
2008/11/28,6.43
2008/12/1,6.48
2008/12/2,6.68
2008/12/3,6.48
2008/12/4,6.55
2008/12/5,5.99
2008/12/8,5.73
2008/12/9,5.57
2008/12/10,5.67
2008/12/11,5.86
2008/12/12,5.56
2008/12/15,5.75
2008/12/16,5.75
2008/12/17,5.79
2008/12/18,5.63
2008/12/19,5.66
2008/12/22,5.39
2008/12/23,5.37
2008/12/24,5.44
2008/12/26,5.44
2008/12/29,5.81
2008/12/30,5.71
2008/12/31,5.63
2009/1/2,5.41
2009/1/5,5.83
2009/1/6,6.1
2009/1/7,5.89
2009/1/8,5.96
2009/1/9,5.6
2009/1/12,5.59
2009/1/13,5.7
2009/1/14,5.47
2009/1/15,5.27
2009/1/16,5.09
2009/1/20,4.86
2009/1/21,4.87
2009/1/22,4.72
2009/1/23,4.75
2009/1/26,4.62
2009/1/27,4.76
2009/1/28,4.84
2009/1/29,4.71
2009/1/30,4.77
2009/2/2,4.48
2009/2/3,5.04
2009/2/4,5.01
2009/2/5,4.84
2009/2/6,4.67
2009/2/9,4.76
2009/2/10,4.84
2009/2/11,4.68
2009/2/12,4.73
2009/2/13,4.6
2009/2/17,4.35
2009/2/18,4.35
2009/2/19,4.46
2009/2/20,4.21
2009/2/23,4.23
2009/2/24,4.21
2009/2/25,4.2
2009/2/26,4.08
2009/2/27,4.04
2009/3/2,4.36
2009/3/3,4.43
2009/3/4,4.23
2009/3/5,4.22
2009/3/6,3.93
2009/3/9,3.86
2009/3/10,3.88
2009/3/11,3.92
2009/3/12,3.87
2009/3/13,3.9
2009/3/16,3.78
2009/3/17,3.78
2009/3/18,3.75
2009/3/19,3.68
2009/3/20,3.99
2009/3/23,4.17
2009/3/24,4.13
2009/3/25,4.13
2009/3/26,4.16
2009/3/27,3.73
2009/3/30,3.63
2009/3/31,3.58
2009/4/1,3.56
2009/4/2,3.69
2009/4/3,3.66
2009/4/6,3.74
2009/4/7,3.6
2009/4/8,3.5
2009/4/9,3.59
2009/4/13,3.46
2009/4/14,3.59
2009/4/15,3.6
2009/4/16,3.54
2009/4/17,3.47
2009/4/20,3.55
2009/4/21,3.43
2009/4/22,3.48
2009/4/23,3.46
2009/4/24,3.31
2009/4/27,3.19
2009/4/28,3.29
2009/4/29,3.43
2009/4/30,3.25
2009/5/1,3.3
2009/5/4,3.47
2009/5/5,3.62
2009/5/6,3.67
2009/5/7,3.96
2009/5/8,4.16
2009/5/11,4.24
2009/5/12,4.41
2009/5/13,4.42
2009/5/14,4.1
2009/5/15,4.05
2009/5/18,4.02
2009/5/19,3.99
2009/5/20,3.75
2009/5/21,3.77
2009/5/22,3.41
2009/5/26,3.35
2009/5/27,3.49
2009/5/28,3.55
2009/5/29,3.92
2009/6/1,3.86
2009/6/2,4.05
2009/6/3,3.81
2009/6/4,3.58
2009/6/5,3.51
2009/6/8,3.53
2009/6/9,3.53
2009/6/10,3.56
2009/6/11,3.51
2009/6/12,3.54
2009/6/15,3.8
2009/6/16,4.16
2009/6/17,3.99
2009/6/18,4.19
2009/6/19,4.04
2009/6/22,4.01
2009/6/23,3.91
2009/6/24,3.8
2009/6/25,3.82
2009/6/26,3.81
2009/6/29,3.88
2009/6/30,3.72
2009/7/1,3.63
2009/7/2,3.49
2009/7/6,3.24
2009/7/7,3.3
2009/7/8,3.22
2009/7/9,3.36
2009/7/10,3.24
2009/7/13,3.17
2009/7/14,3.29
2009/7/15,3.37
2009/7/16,3.21
2009/7/17,3.39
2009/7/20,3.49
2009/7/21,3.48
2009/7/22,3.49
2009/7/23,3.66
2009/7/24,3.37
2009/7/27,3.46
2009/7/28,3.49
2009/7/29,3.41
2009/7/30,3.34
2009/7/31,3.34
2009/8/3,3.43
2009/8/4,3.53
2009/8/5,3.61
2009/8/6,3.78
2009/8/7,3.57
2009/8/10,3.55
2009/8/11,3.54
2009/8/12,3.36
2009/8/13,3.34
2009/8/14,3.18
2009/8/17,3.11
2009/8/18,3.12
2009/8/19,3.03
2009/8/20,3.03
2009/8/21,2.78
2009/8/24,2.69
2009/8/25,2.85
2009/8/26,2.76
2009/8/27,2.76
2009/8/28,2.52
2009/8/31,2.42
2009/9/1,2.36
2009/9/2,2.25
2009/9/3,2.06
2009/9/4,1.83
2009/9/8,2.43
2009/9/9,2.72
2009/9/10,2.68
2009/9/11,2.94
2009/9/14,2.84
2009/9/15,3.21
2009/9/16,3.28
2009/9/17,3.5
2009/9/18,3.21
2009/9/21,3.35
2009/9/22,3.37
2009/9/23,3.43
2009/9/24,3.56
2009/9/25,3.61
2009/9/28,3.54
2009/9/29,3.3
2009/9/30,3.25
2009/10/1,2.91
2009/10/2,2.32
2009/10/5,2.89
2009/10/6,3.23
2009/10/7,3.7
2009/10/8,4.24
2009/10/9,3.92
2009/10/12,3.96
2009/10/13,4.03
2009/10/14,3.82
2009/10/15,3.88
2009/10/16,3.94
2009/10/19,4.22
2009/10/20,4.6
2009/10/21,4.8
2009/10/22,4.98
2009/10/23,4.88
2009/10/26,4.52
2009/10/27,4.52
2009/10/28,4.59
2009/10/29,4.11
2009/10/30,4.11
2009/11/2,4.32
2009/11/3,4.33
2009/11/4,4.49
2009/11/5,4.3
2009/11/6,3.95
2009/11/9,3.78
2009/11/10,3.76
2009/11/11,3.59
2009/11/12,3.24
2009/11/13,2.51
2009/11/16,2.65
2009/11/17,3.47
2009/11/18,3.74
2009/11/19,3.57
2009/11/20,3.09
2009/11/23,3.79
2009/11/24,3.63
2009/11/25,3.32
2009/11/27,3.32
2009/11/30,4.41
2009/12/1,4.3
2009/12/2,4.67
2009/12/3,4.57
2009/12/4,4.53
2009/12/7,4.78
2009/12/8,5.1
2009/12/9,5.27
2009/12/10,5.02
2009/12/11,5.21
2009/12/14,5.41
2009/12/15,5.53
2009/12/16,5.57
2009/12/17,5.65
2009/12/18,5.87
2009/12/21,5.79
2009/12/22,5.56
2009/12/23,5.55
2009/12/24,5.75
2009/12/28,5.91
2009/12/29,6.01
2009/12/30,5.78
2009/12/31,5.82
2010/1/4,6.09
2010/1/5,6.19
2010/1/6,6.47
2010/1/7,7.51
2010/1/8,6.56
2010/1/11,5.77
2010/1/12,5.57
2010/1/13,5.61
2010/1/14,5.77
2010/1/15,5.66
2010/1/19,5.51
2010/1/20,5.54
2010/1/21,5.52
2010/1/22,5.67
2010/1/25,5.76
2010/1/26,5.61
2010/1/27,5.42
2010/1/28,5.32
2010/1/29,5.26
2010/2/1,5.3
2010/2/2,5.47
2010/2/3,5.51
2010/2/4,5.47
2010/2/5,5.61
2010/2/8,5.73
2010/2/9,5.54
2010/2/10,5.48
2010/2/11,5.53
2010/2/12,5.48
2010/2/16,5.65
2010/2/17,5.47
2010/2/18,5.4
2010/2/19,5.1
2010/2/22,4.92
2010/2/23,4.91
2010/2/24,4.91
2010/2/25,4.84
2010/2/26,4.76
2010/3/1,4.83
2010/3/2,4.78
2010/3/3,4.76
2010/3/4,4.78
2010/3/5,4.56
2010/3/8,4.47
2010/3/9,4.51
2010/3/10,4.44
2010/3/11,4.47
2010/3/12,4.35
2010/3/15,4.29
2010/3/16,4.38
2010/3/17,4.27
2010/3/18,4.19
2010/3/19,4.01
2010/3/22,4.02
2010/3/23,4.08
2010/3/24,4.02
2010/3/25,4.01
2010/3/26,3.92
2010/3/29,3.83
2010/3/30,3.79
2010/3/31,3.93
2010/4/1,3.72
2010/4/5,3.93
2010/4/6,4.16
2010/4/7,4.08
2010/4/8,3.92
2010/4/9,3.9
2010/4/12,4.04
2010/4/13,3.97
2010/4/14,4.15
2010/4/15,4.16
2010/4/16,3.97
2010/4/19,4.02
2010/4/20,3.93
2010/4/21,3.96
2010/4/22,3.95
2010/4/23,4.07
2010/4/26,4.23
2010/4/27,4.18
2010/4/28,4.19
2010/4/29,4.24
2010/4/30,3.94
2010/5/3,3.86
2010/5/4,3.96
2010/5/5,4
2010/5/6,3.97
2010/5/7,3.91
2010/5/10,4.08
2010/5/11,4.15
2010/5/12,4.18
2010/5/13,4.26
2010/5/14,4.27
2010/5/17,4.34
2010/5/18,4.42
2010/5/19,4.28
2010/5/20,4.12
2010/5/21,4.12
2010/5/24,4.08
2010/5/25,4.08
2010/5/26,4.19
2010/5/27,4.22
2010/5/28,4.31
2010/6/1,4.39
2010/6/2,4.32
2010/6/3,4.46
2010/6/4,4.6
2010/6/7,4.67
2010/6/8,4.89
2010/6/9,4.75
2010/6/10,4.68
2010/6/11,4.68
2010/6/14,4.94
2010/6/15,5.11
2010/6/16,5.13
2010/6/17,5.14
2010/6/18,5.17
2010/6/21,5.15
2010/6/22,4.87
2010/6/23,4.9
2010/6/24,4.88
2010/6/25,4.84
2010/6/28,4.85
2010/6/29,4.68
2010/6/30,4.53
2010/7/1,4.54
2010/7/2,4.72
2010/7/6,4.85
2010/7/7,4.76
2010/7/8,4.61
2010/7/9,4.36
2010/7/12,4.42
2010/7/13,4.46
2010/7/14,4.39
2010/7/15,4.43
2010/7/16,4.68
2010/7/19,4.56
2010/7/20,4.59
2010/7/21,4.7
2010/7/22,4.67
2010/7/23,4.69
2010/7/26,4.65
2010/7/27,4.72
2010/7/28,4.75
2010/7/29,4.8
2010/7/30,4.81
2010/8/2,4.94
2010/8/3,4.78
2010/8/4,4.77
2010/8/5,4.84
2010/8/6,4.67
2010/8/9,4.52
2010/8/10,4.43
2010/8/11,4.38
2010/8/12,4.42
2010/8/13,4.35
2010/8/16,4.37
2010/8/17,4.28
2010/8/18,4.35
2010/8/19,4.29
2010/8/20,4.19
2010/8/23,4.12
2010/8/24,4.07
2010/8/25,3.99
2010/8/26,3.85
2010/8/27,3.75
2010/8/30,3.77
2010/8/31,3.8
2010/9/1,3.73
2010/9/2,3.74
2010/9/3,3.74
2010/9/7,3.82
2010/9/8,3.81
2010/9/9,3.79
2010/9/10,3.79
2010/9/13,3.83
2010/9/14,3.98
2010/9/15,4.06
2010/9/16,4.09
2010/9/17,4.11
2010/9/20,4.01
2010/9/21,3.95
2010/9/22,4.02
2010/9/23,4.08
2010/9/24,3.97
2010/9/27,3.8
2010/9/28,3.8
2010/9/29,3.81
2010/9/30,3.85
2010/10/1,3.67
2010/10/4,3.56
2010/10/5,3.51
2010/10/6,3.56
2010/10/7,3.62
2010/10/8,3.36
2010/10/11,3.43
2010/10/12,3.4
2010/10/13,3.58
2010/10/14,3.58
2010/10/15,3.47
2010/10/18,3.36
2010/10/19,3.36
2010/10/20,3.46
2010/10/21,3.46
2010/10/22,3.19
2010/10/25,3.18
2010/10/26,3.28
2010/10/27,3.37
2010/10/28,3.36
2010/10/29,3.36
2010/11/1,3.42
2010/11/2,3.2
2010/11/3,3.35
2010/11/4,3.53
2010/11/5,3.47
2010/11/8,3.49
2010/11/9,3.76
2010/11/10,4
2010/11/11,3.73
2010/11/12,3.5
2010/11/15,3.56
2010/11/16,3.66
2010/11/17,3.77
2010/11/18,3.89
2010/11/19,3.79
2010/11/22,4.02
2010/11/23,3.93
2010/11/24,3.82
2010/11/26,3.82
2010/11/29,4.12
2010/11/30,4.16
2010/12/1,4.21
2010/12/2,4.28
2010/12/3,4.23
2010/12/6,4.47
2010/12/7,4.48
2010/12/8,4.47
2010/12/9,4.52
2010/12/10,4.37
2010/12/13,4.55
2010/12/14,4.35
2010/12/15,4.22
2010/12/16,4.19
2010/12/17,3.99
2010/12/20,4.1
2010/12/21,4.17
2010/12/22,4.01
2010/12/23,4.08
2010/12/27,4.05
2010/12/28,4.1
2010/12/29,4.19
2010/12/30,4.22
2010/12/31,4.22
2011/1/3,4.54
2011/1/4,4.61
2011/1/5,4.52
2011/1/6,4.49
2011/1/7,4.42
2011/1/10,4.49
2011/1/11,4.42
2011/1/12,4.55
2011/1/13,4.48
2011/1/14,4.38
2011/1/18,4.52
2011/1/19,4.48
2011/1/20,4.57
2011/1/21,4.72
2011/1/24,4.72
2011/1/25,4.46
2011/1/26,4.4
2011/1/27,4.41
2011/1/28,4.27
2011/1/31,4.42
2011/2/1,4.42
2011/2/2,4.55
2011/2/3,4.69
2011/2/4,4.48
2011/2/7,4.32
2011/2/8,4.24
2011/2/9,4.22
2011/2/10,4.11
2011/2/11,3.96
2011/2/14,3.89
2011/2/15,3.92
2011/2/16,3.93
2011/2/17,3.9
2011/2/18,3.84
2011/2/22,3.89
2011/2/23,3.83
2011/2/24,3.83
2011/2/25,3.81
2011/2/28,3.93
2011/3/1,3.93
2011/3/2,3.79
2011/3/3,3.75
2011/3/4,3.7
2011/3/7,3.73
2011/3/8,3.83
2011/3/9,3.81
2011/3/10,3.87
2011/3/11,3.78
2011/3/14,3.9
2011/3/15,3.81
2011/3/16,3.86
2011/3/17,3.85
2011/3/18,3.98
2011/3/21,3.99
2011/3/22,4.05
2011/3/23,4.18
2011/3/24,4.27
2011/3/25,4.13
2011/3/28,4.35
2011/3/29,4.27
2011/3/30,4.25
2011/3/31,4.32
2011/4/1,4.32
2011/4/4,4.21
2011/4/5,4.22
2011/4/6,4.17
2011/4/7,4.12
2011/4/8,4.05
2011/4/11,4.05
2011/4/12,4.08
2011/4/13,4.14
2011/4/14,4.12
2011/4/15,4.21
2011/4/18,4.23
2011/4/19,4.19
2011/4/20,4.33
2011/4/21,4.33
2011/4/25,4.37
2011/4/26,4.32
2011/4/27,4.35
2011/4/28,4.38
2011/4/29,4.51
2011/5/2,4.6
2011/5/3,4.6
2011/5/4,4.59
2011/5/5,4.49
2011/5/6,4.24
2011/5/9,4.28
2011/5/10,4.19
2011/5/11,4.23
2011/5/12,4.1
2011/5/13,4.09
2011/5/16,4.21
2011/5/17,4.25
2011/5/18,4.15
2011/5/19,4.1
2011/5/20,4.05
2011/5/23,4.27
2011/5/24,4.37
2011/5/25,4.36
2011/5/26,4.37
2011/5/27,4.36
2011/5/31,4.63
2011/6/1,4.62
2011/6/2,4.64
2011/6/3,4.72
2011/6/6,4.83
2011/6/7,4.83
2011/6/8,4.83
2011/6/9,4.92
2011/6/10,4.72
2011/6/13,4.75
2011/6/14,4.59
2011/6/15,4.53
2011/6/16,4.54
2011/6/17,4.39
2011/6/20,4.33
2011/6/21,4.37
2011/6/22,4.42
2011/6/23,4.31
2011/6/24,4.2
2011/6/27,4.25
2011/6/28,4.34
2011/6/29,4.4
2011/6/30,4.28
2011/7/1,4.33
2011/7/5,4.4
2011/7/6,4.34
2011/7/7,4.25
2011/7/8,4.19
2011/7/11,4.35
2011/7/12,4.38
2011/7/13,4.43
2011/7/14,4.42
2011/7/15,4.49
2011/7/18,4.6
2011/7/19,4.6
2011/7/20,4.64
2011/7/21,4.58
2011/7/22,4.46
2011/7/25,4.45
2011/7/26,4.43
2011/7/27,4.46
2011/7/28,4.41
2011/7/29,4.26
2011/8/1,4.29
2011/8/2,4.3
2011/8/3,4.26
2011/8/4,4.2
2011/8/5,4
2011/8/8,4
2011/8/9,4.06
2011/8/10,4.09
2011/8/11,4.06
2011/8/12,4.17
2011/8/15,4.05
2011/8/16,4.03
2011/8/17,3.98
2011/8/18,3.98
2011/8/19,3.99
2011/8/22,3.97
2011/8/23,4.01
2011/8/24,4.1
2011/8/25,4.01
2011/8/26,3.96
2011/8/29,3.93
2011/8/30,3.85
2011/8/31,3.97
2011/9/1,4.18
2011/9/2,4.12
2011/9/6,3.93
2011/9/7,3.96
2011/9/8,3.99
2011/9/9,3.96
2011/9/12,3.92
2011/9/13,3.96
2011/9/14,4.01
2011/9/15,4.04
2011/9/16,3.84
2011/9/19,3.78
2011/9/20,3.84
2011/9/21,3.78
2011/9/22,3.72
2011/9/23,3.74
2011/9/26,3.8
2011/9/27,3.92
2011/9/28,3.88
2011/9/29,3.77
2011/9/30,3.68
2011/10/3,3.57
2011/10/4,3.56
2011/10/5,3.63
2011/10/6,3.49
2011/10/7,3.4
2011/10/10,3.41
2011/10/11,3.52
2011/10/12,3.54
2011/10/13,3.42
2011/10/14,3.49
2011/10/17,3.72
2011/10/18,3.63
2011/10/19,3.59
2011/10/20,3.61
2011/10/21,3.54
2011/10/24,3.61
2011/10/25,3.62
2011/10/26,3.65
2011/10/27,3.59
2011/10/28,3.63
2011/10/31,3.66
2011/11/1,3.49
2011/11/2,3.39
2011/11/3,3.39
2011/11/4,3.44
2011/11/7,3.35
2011/11/8,3.42
2011/11/9,3.55
2011/11/10,3.48
2011/11/11,3.29
2011/11/14,3.17
2011/11/15,3.12
2011/11/16,3.11
2011/11/17,3.11
2011/11/18,3.01
2011/11/21,2.94
2011/11/22,3.06
2011/11/23,2.84
2011/11/25,2.84
2011/11/28,3.09
2011/11/29,3.39
2011/11/30,3.53
2011/12/1,3.49
2011/12/2,3.35
2011/12/5,3.38
2011/12/6,3.43
2011/12/7,3.45
2011/12/8,3.42
2011/12/9,3.29
2011/12/12,3.13
2011/12/13,3.12
2011/12/14,3.08
2011/12/15,3.05
2011/12/16,3.01
2011/12/19,3.03
2011/12/20,3.06
2011/12/21,3.05
2011/12/22,3.08
2011/12/23,2.97
2011/12/27,3.09
2011/12/28,3.07
2011/12/29,3.03
2011/12/30,2.98
2012/1/3,2.97
2012/1/4,2.96
2012/1/5,2.91
2012/1/6,2.85
2012/1/9,2.89
2012/1/10,2.97
2012/1/11,2.81
2012/1/12,2.7
2012/1/13,2.67
2012/1/17,2.51
2012/1/18,2.49
2012/1/19,2.36
2012/1/20,2.23
2012/1/23,2.39
2012/1/24,2.6
2012/1/25,2.61
2012/1/26,2.68
2012/1/27,2.59
2012/1/30,2.71
2012/1/31,2.51
2012/2/1,2.32
2012/2/2,2.3
2012/2/3,2.4
2012/2/6,2.46
2012/2/7,2.6
2012/2/8,2.48
2012/2/9,2.5
2012/2/10,2.51
2012/2/13,2.42
2012/2/14,2.48
2012/2/15,2.54
2012/2/16,2.47
2012/2/17,2.67
2012/2/21,2.63
2012/2/22,2.6
2012/2/23,2.68
2012/2/24,2.6
2012/2/27,2.55
2012/2/28,2.44
2012/2/29,2.44
2012/3/1,2.45
2012/3/2,2.38
2012/3/5,2.31
2012/3/6,2.3
2012/3/7,2.24
2012/3/8,2.24
2012/3/9,2.21
2012/3/12,2.17
2012/3/13,2.15
2012/3/14,2.13
2012/3/15,2.07
2012/3/16,2.01
2012/3/19,2.14
2012/3/20,2.19
2012/3/21,2.21
2012/3/22,2.19
2012/3/23,2.07
2012/3/26,2.16
2012/3/27,2.09
2012/3/28,2.05
2012/3/29,2.02
2012/3/30,2
2012/4/2,1.88
2012/4/3,1.94
2012/4/4,2.06
2012/4/5,1.98
2012/4/9,1.99
2012/4/10,1.99
2012/4/11,1.91
2012/4/12,1.87
2012/4/13,1.87
2012/4/16,1.88
2012/4/17,1.89
2012/4/18,1.87
2012/4/19,1.85
2012/4/20,1.82
2012/4/23,1.89
2012/4/24,1.97
2012/4/25,1.99
2012/4/26,2.1
2012/4/27,2.05
2012/4/30,2.1
2012/5/1,2.29
2012/5/2,2.31
2012/5/3,2.29
2012/5/4,2.3
2012/5/7,2.3
2012/5/8,2.27
2012/5/9,2.36
2012/5/10,2.36
2012/5/11,2.37
2012/5/14,2.41
2012/5/15,2.38
2012/5/16,2.5
2012/5/17,2.6
2012/5/18,2.56
2012/5/21,2.6
2012/5/22,2.55
2012/5/23,2.6
2012/5/24,2.66
2012/5/25,2.56
2012/5/29,2.5
2012/5/30,2.39
2012/5/31,2.34
2012/6/1,2.24
2012/6/4,2.32
2012/6/5,2.39
2012/6/6,2.41
2012/6/7,2.33
2012/6/8,2.22
2012/6/11,2.22
2012/6/12,2.17
2012/6/13,2.18
2012/6/14,2.2
2012/6/15,2.44
2012/6/18,2.45
2012/6/19,2.59
2012/6/20,2.6
2012/6/21,2.48
2012/6/22,2.5
2012/6/25,2.7
2012/6/26,2.7
2012/6/27,2.87
2012/6/28,2.81
2012/6/29,2.74
2012/7/2,2.73
2012/7/3,2.78
2012/7/5,2.9
2012/7/6,2.94
2012/7/9,2.79
2012/7/10,2.87
2012/7/11,2.72
2012/7/12,2.83
2012/7/13,2.88
2012/7/16,2.92
2012/7/17,2.83
2012/7/18,2.84
2012/7/19,2.99
2012/7/20,3.03
2012/7/23,3.05
2012/7/24,3.16
2012/7/25,3.19
2012/7/26,3.13
2012/7/27,3.1
2012/7/30,3.14
2012/7/31,3.2
2012/8/1,3.2
2012/8/2,3.16
2012/8/3,2.91
2012/8/6,2.9
2012/8/7,2.99
2012/8/8,2.97
2012/8/9,2.89
2012/8/10,2.84
2012/8/13,2.77
2012/8/14,2.79
2012/8/15,2.82
2012/8/16,2.78
2012/8/17,2.7
2012/8/20,2.75
2012/8/21,2.8
2012/8/22,2.8
2012/8/23,2.81
2012/8/24,2.81
2012/8/27,2.8
2012/8/28,2.71
2012/8/29,2.64
2012/8/30,2.72
2012/8/31,2.72
2012/9/4,2.81
2012/9/5,2.87
2012/9/6,2.85
2012/9/7,2.73
2012/9/10,2.66
2012/9/11,2.82
2012/9/12,2.96
2012/9/13,3.01
2012/9/14,2.94
2012/9/17,2.83
2012/9/18,2.74
2012/9/19,2.7
2012/9/20,2.76
2012/9/21,2.76
2012/9/24,2.82
2012/9/25,2.84
2012/9/26,2.92
2012/9/27,3.01
2012/9/28,3.08
2012/10/1,3.19
2012/10/2,3.21
2012/10/3,3.21
2012/10/4,3.23
2012/10/5,3.26
2012/10/8,3.18
2012/10/9,3.18
2012/10/10,3.26
2012/10/11,3.28
2012/10/12,3.38
2012/10/15,3.35
2012/10/16,3.27
2012/10/17,3.24
2012/10/18,3.28
2012/10/19,3.43
2012/10/22,3.49
2012/10/23,3.34
2012/10/24,3.43
2012/10/25,3.39
2012/10/26,3.38
2012/10/29,3.4
2012/10/30,3.42
2012/10/31,3.5
2012/11/1,3.5
2012/11/2,3.4
2012/11/5,3.34
2012/11/6,3.41
2012/11/7,3.47
2012/11/8,3.45
2012/11/9,3.33
2012/11/12,3.4
2012/11/13,3.57
2012/11/14,3.66
2012/11/15,3.63
2012/11/16,3.46
2012/11/19,3.63
2012/11/20,3.62
2012/11/21,3.59
2012/11/23,3.59
2012/11/26,3.75
2012/11/27,3.77
2012/11/28,3.71
2012/11/29,3.61
2012/11/30,3.46
2012/12/3,3.44
2012/12/4,3.38
2012/12/5,3.41
2012/12/6,3.48
2012/12/7,3.33
2012/12/10,3.35
2012/12/11,3.39
2012/12/12,3.33
2012/12/13,3.27
2012/12/14,3.15
2012/12/17,3.2
2012/12/18,3.29
2012/12/19,3.25
2012/12/20,3.35
2012/12/21,3.42
2012/12/24,3.3
2012/12/26,3.35
2012/12/27,3.31
2012/12/28,3.4
2012/12/31,3.43
2013/1/2,3.3
2013/1/3,3.19
2013/1/4,3.2
2013/1/7,3.3
2013/1/8,3.21
2013/1/9,3.14
2013/1/10,3.08
2013/1/11,3.18
2013/1/14,3.39
2013/1/15,3.4
2013/1/16,3.43
2013/1/17,3.44
2013/1/18,3.54
2013/1/22,3.63
2013/1/23,3.53
2013/1/24,3.56
2013/1/25,3.42
2013/1/28,3.25
2013/1/29,3.14
2013/1/30,3.24
2013/1/31,3.33
2013/2/1,3.34
2013/2/4,3.27
2013/2/5,3.34
2013/2/6,3.41
2013/2/7,3.39
2013/2/8,3.26
2013/2/11,3.2
2013/2/12,3.3
2013/2/13,3.29
2013/2/14,3.3
2013/2/15,3.19
2013/2/19,3.23
2013/2/20,3.34
2013/2/21,3.29
2013/2/22,3.27
2013/2/25,3.42
2013/2/26,3.46
2013/2/27,3.49
2013/2/28,3.48
2013/3/1,3.54
2013/3/4,3.53
2013/3/5,3.63
2013/3/6,3.57
2013/3/7,3.54
2013/3/8,3.57
2013/3/11,3.64
2013/3/12,3.71
2013/3/13,3.72
2013/3/14,3.74
2013/3/15,3.89
2013/3/18,3.98
2013/3/19,3.96
2013/3/20,3.97
2013/3/21,4.01
2013/3/22,4.01
2013/3/25,4.08
2013/3/26,3.99
2013/3/27,4.08
2013/3/28,4.03
2013/4/1,3.97
2013/4/2,4.07
2013/4/3,4
2013/4/4,3.94
2013/4/5,3.98
2013/4/8,4.18
2013/4/9,4.08
2013/4/10,4.07
2013/4/11,4.11
2013/4/12,4.21
2013/4/15,4.23
2013/4/16,4.19
2013/4/17,4.24
2013/4/18,4.23
2013/4/19,4.38
2013/4/22,4.33
2013/4/23,4.27
2013/4/24,4.25
2013/4/25,4.19
2013/4/26,4.16
2013/4/29,4.28
2013/4/30,4.3
2013/5/1,4.31
2013/5/2,4.28
2013/5/3,3.98
2013/5/6,3.93
2013/5/7,3.88
2013/5/8,3.86
2013/5/9,3.87
2013/5/10,3.9
2013/5/13,3.87
2013/5/14,3.93
2013/5/15,4.03
2013/5/16,4.01
2013/5/17,3.89
2013/5/20,4.1
2013/5/21,4.13
2013/5/22,4.16
2013/5/23,4.15
2013/5/24,4.15
2013/5/28,4.19
2013/5/29,4.15
2013/5/30,4.12
2013/5/31,4.02
2013/6/3,4
2013/6/4,4
2013/6/5,3.99
2013/6/6,3.93
2013/6/7,3.79
2013/6/10,3.85
2013/6/11,3.77
2013/6/12,3.74
2013/6/13,3.73
2013/6/14,3.76
2013/6/17,3.78
2013/6/18,3.9
2013/6/19,3.93
2013/6/20,3.9
2013/6/21,3.85
2013/6/24,3.81
2013/6/25,3.77
2013/6/26,3.72
2013/6/27,3.73
2013/6/28,3.57
2013/7/1,3.52
2013/7/2,3.58
2013/7/3,3.54
2013/7/5,3.52
2013/7/8,3.65
2013/7/9,3.69
2013/7/10,3.69
2013/7/11,3.64
2013/7/12,3.61
2013/7/15,3.67
2013/7/16,3.69
2013/7/17,3.67
2013/7/18,3.66
2013/7/19,3.78
2013/7/22,3.71
2013/7/23,3.68
2013/7/24,3.7
2013/7/25,3.68
2013/7/26,3.59
2013/7/29,3.49
2013/7/30,3.48
2013/7/31,3.46
2013/8/1,3.44
2013/8/2,3.39
2013/8/5,3.33
2013/8/6,3.35
2013/8/7,3.32
2013/8/8,3.27
2013/8/9,3.32
2013/8/12,3.34
2013/8/13,3.34
2013/8/14,3.36
2013/8/15,3.34
2013/8/16,3.35
2013/8/19,3.46
2013/8/20,3.48
2013/8/21,3.51
2013/8/22,3.52
2013/8/23,3.5
2013/8/26,3.55
2013/8/27,3.5
2013/8/28,3.54
2013/8/29,3.58
2013/8/30,3.57
2013/9/3,3.64
2013/9/4,3.68
2013/9/5,3.7
2013/9/6,3.55
2013/9/9,3.62
2013/9/10,3.65
2013/9/11,3.6
2013/9/12,3.57
2013/9/13,3.6
2013/9/16,3.64
2013/9/17,3.77
2013/9/18,3.72
2013/9/19,3.73
2013/9/20,3.68
2013/9/23,3.66
2013/9/24,3.59
2013/9/25,3.52
2013/9/26,3.49
2013/9/27,3.51
2013/9/30,3.48
2013/10/1,3.56
2013/10/2,3.63
2013/10/3,3.58
2013/10/4,3.57
2013/10/7,3.62
2013/10/8,3.72
2013/10/9,3.7
2013/10/10,3.74
2013/10/11,3.74
2013/10/14,3.82
2013/10/15,3.83
2013/10/16,3.84
2013/10/17,3.75
2013/10/18,3.72
2013/10/21,3.77
2013/10/22,3.7
2013/10/23,3.66
2013/10/24,3.65
2013/10/25,3.69
2013/10/28,3.61
2013/10/29,3.57
2013/10/30,3.55
2013/10/31,3.57
2013/11/1,3.45
2013/11/4,3.38
2013/11/5,3.37
2013/11/6,3.46
2013/11/7,3.59
2013/11/8,3.54
2013/11/11,3.62
2013/11/12,3.69
2013/11/13,3.69
2013/11/14,3.52
2013/11/15,3.56
2013/11/18,3.71
2013/11/19,3.63
2013/11/20,3.63
2013/11/21,3.68
2013/11/22,3.78
2013/11/25,3.85
2013/11/26,3.87
2013/11/27,3.87
2013/11/29,3.87
2013/12/2,3.85
2013/12/3,3.84
2013/12/4,3.89
2013/12/5,3.97
2013/12/6,4.15
2013/12/9,4.24
2013/12/10,4.24
2013/12/11,4.24
2013/12/12,4.4
2013/12/13,4.44
2013/12/16,4.21
2013/12/17,4.2
2013/12/18,4.25
2013/12/19,4.25
2013/12/20,4.35
2013/12/23,4.52
2013/12/24,4.52
2013/12/26,4.4
2013/12/27,4.34
2013/12/30,4.41
2013/12/31,4.31
2014/1/2,4.32
2014/1/3,4.39
2014/1/6,4.5
2014/1/7,4.58
2014/1/8,4.36
2014/1/9,4.15
2014/1/10,3.95
2014/1/13,4.19
2014/1/14,4.36
2014/1/15,4.45
2014/1/16,4.55
2014/1/17,4.39
2014/1/21,4.61
2014/1/22,4.92
2014/1/23,5.64
2014/1/24,5.17
2014/1/27,5.66
2014/1/28,5.25
2014/1/29,5.23
2014/1/30,5.27
2014/1/31,5.04
2014/2/3,5.04
2014/2/4,5.78
2014/2/5,8.12
2014/2/6,6.9
2014/2/7,5.92
2014/2/10,8.15
2014/2/11,7.75
2014/2/12,5.96
2014/2/13,5.34
2014/2/14,5.54
2014/2/18,5.8
2014/2/19,6
2014/2/20,5.96
2014/2/21,6.24
2014/2/24,6.08
2014/2/25,5.21
2014/2/26,4.81
2014/2/27,4.61
2014/2/28,4.8
2014/3/3,7.09
2014/3/4,7.98
2014/3/5,6.46
2014/3/6,4.89
2014/3/7,4.78
2014/3/10,4.67
2014/3/11,4.67
2014/3/12,4.72
2014/3/13,4.41
2014/3/14,4.4
2014/3/17,4.57
2014/3/18,4.42
2014/3/19,4.43
2014/3/20,4.39
2014/3/21,4.33
2014/3/24,4.42
2014/3/25,4.53
2014/3/26,4.44
2014/3/27,4.39
2014/3/28,4.5
2014/3/31,4.48
2014/4/1,4.39
2014/4/2,4.39
2014/4/3,4.51
2014/4/4,4.49
2014/4/7,4.58
2014/4/8,4.57
2014/4/9,4.67
2014/4/10,4.67
2014/4/11,4.67
2014/4/14,4.64
2014/4/15,4.69
2014/4/16,4.64
2014/4/17,4.64
2014/4/21,4.76
2014/4/22,4.76
2014/4/23,4.81
2014/4/24,4.81
2014/4/25,4.83
2014/4/28,4.72
2014/4/29,4.78
2014/4/30,4.79
2014/5/1,4.79
2014/5/2,4.73
2014/5/5,4.73
2014/5/6,4.8
2014/5/7,4.82
2014/5/8,4.77
2014/5/9,4.59
2014/5/12,4.52
2014/5/13,4.47
2014/5/14,4.47
2014/5/15,4.42
2014/5/16,4.42
2014/5/19,4.54
2014/5/20,4.53
2014/5/21,4.57
2014/5/22,4.57
2014/5/23,4.4
2014/5/27,4.4
2014/5/28,4.56
2014/5/29,4.63
2014/5/30,4.49
2014/6/2,4.49
2014/6/3,4.62
2014/6/4,4.62
2014/6/5,4.66
2014/6/6,4.66
2014/6/9,4.67
2014/6/10,4.67
2014/6/11,4.51
2014/6/12,4.51
2014/6/13,4.7
2014/6/16,4.71
2014/6/17,4.68
2014/6/18,4.68
2014/6/19,4.67
2014/6/20,4.53
2014/6/23,4.53
2014/6/24,4.49
2014/6/25,4.58
2014/6/26,4.58
2014/6/27,4.39
2014/6/30,4.39
2014/7/1,4.47
2014/7/2,4.47
2014/7/3,4.31
2014/7/7,4.31
2014/7/8,4.18
2014/7/9,4.17
2014/7/10,4.15
2014/7/11,4.13
2014/7/14,4.13
2014/7/15,4.13
2014/7/16,4.16
2014/7/17,4.04
2014/7/18,4.08
2014/7/21,3.87
2014/7/22,3.81
2014/7/23,3.83
2014/7/24,3.83
2014/7/25,3.86
2014/7/28,3.84
2014/7/29,3.79
2014/7/30,3.78
2014/7/31,3.78
2014/8/1,3.77
2014/8/4,3.87
2014/8/5,3.87
2014/8/6,3.92
2014/8/7,3.99
2014/8/8,3.94
2014/8/11,4
2014/8/12,3.94
2014/8/13,3.9
2014/8/14,3.85
2014/8/15,3.8
2014/8/18,3.78
2014/8/19,3.84
2014/8/20,3.88
2014/8/21,3.88
2014/8/22,3.88
2014/8/25,3.94
2014/8/26,3.99
2014/8/27,4.02
2014/8/28,4.06
2014/8/29,4.04
2014/9/2,4.01
2014/9/3,3.94
2014/9/4,3.91
2014/9/5,3.86
2014/9/8,3.86
2014/9/9,3.93
2014/9/10,3.98
2014/9/11,3.94
2014/9/12,3.82
2014/9/15,3.92
2014/9/16,3.85
2014/9/17,3.97
2014/9/18,3.99
2014/9/19,3.99
2014/9/22,3.88
2014/9/23,3.9
2014/9/24,3.84
2014/9/25,3.89
2014/9/26,3.89
2014/9/29,3.89
2014/9/30,4.14
2014/10/1,4.14
2014/10/2,4
2014/10/3,3.94
2014/10/6,3.89
2014/10/7,3.88
2014/10/8,3.88
2014/10/9,3.87
2014/10/10,3.86
2014/10/13,3.87
2014/10/14,3.91
2014/10/15,3.81
2014/10/16,3.8
2014/10/17,3.73
2014/10/20,3.69
2014/10/21,3.62
2014/10/22,3.69
2014/10/23,3.6
2014/10/24,3.53
2014/10/27,3.56
2014/10/28,3.53
2014/10/29,3.6
2014/10/30,3.76
2014/10/31,3.82
2014/11/3,3.82
2014/11/4,3.67
2014/11/5,3.83
2014/11/6,3.92
2014/11/7,3.92
2014/11/10,4.18
2014/11/11,4.18
2014/11/12,4.2
2014/11/13,4.2
2014/11/14,4.05
2014/11/17,4.26
2014/11/18,4.33
2014/11/19,4.41
2014/11/20,4.41
2014/11/21,4.32
2014/11/24,4.09
2014/11/25,4.09
2014/11/26,4.15
2014/11/28,4.3
2014/12/1,4.3
2014/12/2,3.77
2014/12/3,3.63
2014/12/4,3.63
2014/12/5,3.42
2014/12/8,3.42
2014/12/9,3.63
2014/12/10,3.65
2014/12/11,3.68
2014/12/12,3.91
2014/12/15,3.72
2014/12/16,3.58
2014/12/17,3.72
2014/12/18,3.71
2014/12/19,3.71
2014/12/22,3.05
2014/12/23,2.99
2014/12/24,2.99
2014/12/26,2.74
2014/12/29,3.07
2014/12/30,3.14
2014/12/31,3.14
2015/1/2,3.01
2015/1/5,3.22
2015/1/6,2.98
2015/1/7,3.08
2015/1/8,2.92
2015/1/9,2.96
2015/1/12,2.9
2015/1/13,2.92
2015/1/14,3.15
2015/1/15,3.32
2015/1/16,3.11
2015/1/20,2.94
2015/1/21,2.94
2015/1/22,2.95
2015/1/23,2.96
2015/1/26,2.92
2015/1/27,2.96
2015/1/28,2.89
2015/1/29,2.88
2015/1/30,2.88
2015/2/2,2.88
2015/2/3,2.67
2015/2/4,2.73
2015/2/5,2.66
2015/2/6,2.66
2015/2/9,2.62
2015/2/10,2.67
2015/2/11,2.86
2015/2/12,2.86
2015/2/13,2.75
2015/2/17,2.75
2015/2/18,2.92
2015/2/19,2.92
2015/2/20,3.02
2015/2/23,3.22
2015/2/24,3.22
2015/2/25,3.21
2015/2/26,3.21
2015/2/27,2.79
2015/3/2,2.79
2015/3/3,3
2015/3/4,3.27
2015/3/5,3.27
2015/3/6,2.89
2015/3/9,2.75
2015/3/10,2.76
2015/3/11,2.76
2015/3/12,2.82
2015/3/13,2.72
2015/3/16,2.68
2015/3/17,2.82
2015/3/18,2.8
2015/3/19,2.86
2015/3/20,2.86
2015/3/23,2.72
2015/3/24,2.79
2015/3/25,2.77
2015/3/26,2.77
2015/3/27,2.89
2015/3/30,2.64
2015/3/31,2.65
2015/4/1,2.62
2015/4/2,2.63
2015/4/6,2.63
2015/4/7,2.71
2015/4/8,2.71
2015/4/9,2.72
2015/4/10,2.58
2015/4/13,2.58
2015/4/14,2.58
2015/4/15,2.62
2015/4/16,2.61
2015/4/17,2.67
2015/4/20,2.57
2015/4/21,2.59
2015/4/22,2.63
2015/4/23,2.59
2015/4/24,2.59
2015/4/27,2.5
2015/4/28,2.55
2015/4/29,2.55
2015/4/30,2.56
2015/5/1,2.68
2015/5/4,2.72
2015/5/5,2.76
2015/5/6,2.76
2015/5/7,2.74
2015/5/8,2.78
2015/5/11,2.85
2015/5/12,2.85
2015/5/13,2.85
2015/5/14,2.87
2015/5/15,2.96
2015/5/18,3.01
2015/5/19,3.01
2015/5/20,3.04
2015/5/21,2.96
2015/5/22,2.96
2015/5/26,2.82
2015/5/27,2.82
2015/5/28,2.78
2015/5/29,2.78
2015/6/1,2.78
2015/6/2,2.63
2015/6/3,2.65
2015/6/4,2.6
2015/6/5,2.6
2015/6/8,2.6
2015/6/9,2.72
2015/6/10,2.81
2015/6/11,2.88
2015/6/12,2.88
2015/6/15,2.89
2015/6/16,2.94
2015/6/17,2.93
2015/6/18,2.93
2015/6/19,2.81
2015/6/22,2.79
2015/6/23,2.83
2015/6/24,2.83
2015/6/25,2.8
2015/6/26,2.77
2015/6/29,2.77
2015/6/30,2.8
2015/7/1,2.78
2015/7/2,2.79
2015/7/3,2.79
2015/7/6,2.79
2015/7/7,2.77
2015/7/8,2.77
2015/7/9,2.7
2015/7/10,2.7
2015/7/13,2.88
2015/7/14,2.88
2015/7/15,2.93
2015/7/16,2.9
2015/7/17,2.88
2015/7/20,2.88
2015/7/21,2.84
2015/7/22,2.84
2015/7/23,2.92
2015/7/24,2.92
2015/7/27,2.92
2015/7/28,2.89
2015/7/29,2.91
2015/7/30,2.87
2015/7/31,2.76
2015/8/3,2.76
2015/8/4,2.83
2015/8/5,2.85
2015/8/6,2.76
2015/8/7,2.76
2015/8/10,2.85
2015/8/11,2.84
2015/8/12,2.93
2015/8/13,2.93
2015/8/14,2.83
2015/8/17,2.79
2015/8/18,2.71
2015/8/19,2.77
2015/8/20,2.77
2015/8/21,2.7
2015/8/24,2.65
2015/8/25,2.71
2015/8/26,2.73
2015/8/27,2.69
2015/8/28,2.69
2015/8/31,2.7
2015/9/1,2.7
2015/9/2,2.7
2015/9/3,2.67
2015/9/4,2.67
2015/9/7,2.67
2015/9/8,2.74
2015/9/9,2.74
2015/9/10,2.71
2015/9/11,2.67
2015/9/14,2.7
2015/9/15,2.74
2015/9/16,2.69
2015/9/17,2.69
2015/9/18,2.69
2015/9/21,2.61
2015/9/22,2.61
2015/9/23,2.62
2015/9/24,2.62
2015/9/25,2.6
2015/9/28,2.66
2015/9/29,2.57
2015/9/30,2.47
2015/10/1,2.37
2015/10/2,2.37
2015/10/5,2.34
2015/10/6,2.35
2015/10/7,2.35
2015/10/8,2.35
2015/10/9,2.49
2015/10/12,2.48
2015/10/13,2.47
2015/10/14,2.47
2015/10/15,2.54
2015/10/16,2.42
2015/10/19,2.43
2015/10/20,2.46
2015/10/21,2.37
2015/10/22,2.37
2015/10/23,2.28
2015/10/26,2.18
2015/10/27,2.14
2015/10/28,2.14
2015/10/29,2.15
2015/10/30,1.98
2015/11/2,1.92
2015/11/3,1.92
2015/11/4,2.04
2015/11/5,2.04
2015/11/6,2.19
2015/11/9,2.19
2015/11/10,2.14
2015/11/11,2.13
2015/11/12,2.05
2015/11/13,2.02
2015/11/16,2.02
2015/11/17,2.05
2015/11/18,2.1
2015/11/19,2.1
2015/11/20,2.18
2015/11/23,2.18
2015/11/24,2.14
2015/11/25,2.14
2015/11/26,2.14
2015/11/27,2.14
2015/11/30,2.11
2015/12/1,2.11
2015/12/2,2.19
2015/12/3,2.14
2015/12/4,2.1
2015/12/7,2.06
2015/12/8,2.01
2015/12/9,2
2015/12/10,1.95
2015/12/11,1.79
2015/12/14,1.7
2015/12/15,1.66
2015/12/16,1.7
2015/12/17,1.79
2015/12/18,1.74
2015/12/21,1.76
2015/12/22,1.73
2015/12/23,1.63
2015/12/24,1.63
2015/12/25,1.63
2015/12/28,2.11
2015/12/29,2.39
2015/12/30,2.28
2015/12/31,2.28
2016/1/1,2.28
2016/1/4,2.39
2016/1/5,2.33
2016/1/6,2.37
2016/1/7,2.35
2016/1/8,2.47
2016/1/11,2.54
2016/1/12,2.4
2016/1/13,2.28
2016/1/14,2.21
2016/1/15,2.18
2016/1/18,2.18
2016/1/19,2.23
2016/1/20,2.18
2016/1/21,2.22
2016/1/22,2.21
2016/1/25,2.16
2016/1/26,2.26
2016/1/27,2.26
2016/1/28,2.15
2016/1/29,2.28
2016/2/1,2.28
2016/2/2,2.07
2016/2/3,2.06
2016/2/4,2.07
2016/2/5,2.08
2016/2/8,2.23
2016/2/9,2.17
2016/2/10,2.16
2016/2/11,2.15
2016/2/12,2.08
2016/2/15,2.08
2016/2/16,1.95
2016/2/17,1.93
2016/2/18,1.89
2016/2/19,1.83
2016/2/22,1.86
2016/2/23,1.85
2016/2/24,1.85
2016/2/25,1.78
2016/2/26,1.78
2016/2/29,1.62
2016/3/1,1.57
2016/3/2,1.6
2016/3/3,1.59
2016/3/4,1.49
2016/3/7,1.56
2016/3/8,1.6
2016/3/9,1.61
2016/3/10,1.72
2016/3/11,1.74
2016/3/14,1.68
2016/3/15,1.81
2016/3/16,1.77
2016/3/17,1.84
2016/3/18,1.84
2016/3/21,1.79
2016/3/22,1.79
2016/3/23,1.79
2016/3/24,1.78
2016/3/25,1.78
2016/3/28,1.78
2016/3/29,1.77
2016/3/30,1.87
2016/3/31,1.98
2016/4/1,1.88
2016/4/4,1.96
2016/4/5,1.96
2016/4/6,1.91
2016/4/7,1.96
2016/4/8,1.99
2016/4/11,1.9
2016/4/12,1.97
2016/4/13,2.01
2016/4/14,1.93
2016/4/15,1.71
2016/4/18,1.76
2016/4/19,1.94
2016/4/20,1.94
2016/4/21,1.96
2016/4/22,1.92
2016/4/25,1.97
2016/4/26,1.97
2016/4/27,1.88
2016/4/28,1.88
2016/4/29,1.89
2016/5/2,1.91
2016/5/3,1.94
2016/5/4,2.03
2016/5/5,2.05
2016/5/6,1.86
2016/5/9,2.01
2016/5/10,2.01
2016/5/11,2.01
2016/5/12,2.01
2016/5/13,1.96
2016/5/16,1.91
2016/5/17,1.97
2016/5/18,1.91
2016/5/19,1.83
2016/5/20,1.81
2016/5/23,1.96
2016/5/24,1.91
2016/5/25,1.77
2016/5/26,1.77
2016/5/27,1.77
2016/5/30,1.77
2016/5/31,2.12
2016/6/1,2.25
2016/6/2,2.3
2016/6/3,2.31
2016/6/6,2.32
2016/6/7,2.32
2016/6/8,2.36
2016/6/9,2.34
2016/6/10,2.46
2016/6/13,2.55
2016/6/14,2.55
2016/6/15,2.62
2016/6/16,2.62
2016/6/17,2.59
2016/6/20,2.74
2016/6/21,2.79
2016/6/22,2.82
2016/6/23,2.69
2016/6/24,2.71
2016/6/27,2.79
2016/6/28,2.89
2016/6/29,2.94
2016/6/30,2.94
2016/7/1,2.89
2016/7/4,2.89
2016/7/5,2.82
2016/7/6,2.82
2016/7/7,2.78
2016/7/8,2.8
2016/7/11,2.88
2016/7/12,2.88
2016/7/13,2.81
2016/7/14,2.79
2016/7/15,2.7
2016/7/18,2.83
2016/7/19,2.83
2016/7/20,2.76
2016/7/21,2.76
2016/7/22,2.8
2016/7/25,2.8
2016/7/26,2.84
2016/7/27,2.84
2016/7/28,2.79
2016/7/29,2.97
2016/8/1,2.97
2016/8/2,2.79
2016/8/3,2.89
2016/8/4,2.89
2016/8/5,2.88
2016/8/8,2.85
2016/8/9,2.85
2016/8/10,2.76
2016/8/11,2.7
2016/8/12,2.7
2016/8/15,2.75
2016/8/16,2.75
2016/8/17,2.76
2016/8/18,2.75
2016/8/19,2.67
2016/8/22,2.75
2016/8/23,2.75
2016/8/24,2.82
2016/8/25,2.89
2016/8/26,2.91
2016/8/29,2.97
2016/8/30,2.95
2016/8/31,2.95
2016/9/1,2.95
2016/9/2,2.88
2016/9/5,2.88
2016/9/6,2.88
2016/9/7,2.77
2016/9/8,2.88
2016/9/9,2.93
2016/9/12,3.04
2016/9/13,3.04
2016/9/14,3.07
2016/9/15,2.98
2016/9/16,2.97
2016/9/19,3
2016/9/20,3.12
2016/9/21,3.19
2016/9/22,3.18
2016/9/23,3.06
2016/9/26,3.06
2016/9/27,3.09
2016/9/28,3.07
2016/9/29,2.98
2016/9/30,2.84
2016/10/3,2.84
2016/10/4,2.83
2016/10/5,2.83
2016/10/6,3.04
2016/10/7,3.02
2016/10/10,3.18
2016/10/11,3.17
2016/10/12,3.17
2016/10/13,3.16
2016/10/14,3.18
2016/10/17,3.21
2016/10/18,3.25
2016/10/19,3.18
2016/10/20,3.12
2016/10/21,2.92
2016/10/24,2.78
2016/10/25,2.69
2016/10/26,2.69
2016/10/27,2.72
2016/10/28,2.72
2016/10/31,2.85
2016/11/1,2.53
2016/11/2,2.53
2016/11/3,2.41
2016/11/4,2.2
2016/11/7,2.37
2016/11/8,2.34
2016/11/9,2.22
2016/11/10,2.08
2016/11/11,2.08
2016/11/14,2.26
2016/11/15,2.49
2016/11/16,2.49
2016/11/17,2.37
2016/11/18,2.6
2016/11/21,2.81
2016/11/22,2.73
2016/11/23,2.76
2016/11/24,2.76
2016/11/25,2.76
2016/11/28,2.96
2016/11/29,3.02
2016/11/30,3.32
2016/12/1,3.32
2016/12/2,3.44
2016/12/5,3.44
2016/12/6,3.75
2016/12/7,3.8
2016/12/8,3.68
2016/12/9,3.75
2016/12/12,3.6
2016/12/13,3.65
2016/12/14,3.55
2016/12/15,3.56
2016/12/16,3.51
2016/12/19,3.55
2016/12/20,3.39
2016/12/21,3.5
2016/12/22,3.5
2016/12/23,3.6
2016/12/26,3.6
2016/12/27,3.7
2016/12/28,3.7
2016/12/29,3.71
2016/12/30,3.71
2017/1/2,3.71
2017/1/3,3.41
2017/1/4,3.42
2017/1/5,3.42
2017/1/6,3.38
2017/1/9,3.14
2017/1/10,3.21
2017/1/11,3.27
2017/1/12,3.36
2017/1/13,3.36
2017/1/16,3.36
2017/1/17,3.37
2017/1/18,3.26
2017/1/19,3.25
2017/1/20,3.23
2017/1/23,3.16
2017/1/24,3.16
2017/1/25,3.26
2017/1/26,3.44
2017/1/27,3.31
2017/1/30,3.22
2017/1/31,3
2017/2/1,3.15
2017/2/2,3.13
2017/2/3,3.13
2017/2/6,2.92
2017/2/7,3.03
2017/2/8,3.05
2017/2/9,3.11
2017/2/10,3.11
2017/2/13,2.93
2017/2/14,2.85
2017/2/15,2.95
2017/2/16,2.88
2017/2/17,2.75
2017/2/20,2.75
2017/2/21,2.56
2017/2/22,2.52
2017/2/23,2.63
2017/2/24,2.63
2017/2/27,2.44
2017/2/28,2.54
2017/3/1,2.54
2017/3/2,2.59
2017/3/3,2.5
2017/3/6,2.68
2017/3/7,2.68
2017/3/8,2.59
2017/3/9,2.83
2017/3/10,2.98
2017/3/13,3.04
2017/3/14,3.02
2017/3/15,3.02
2017/3/16,2.84
2017/3/17,2.85
2017/3/20,2.93
2017/3/21,3.09
2017/3/22,3.02
2017/3/23,2.93
2017/3/24,2.97
2017/3/27,2.94
2017/3/28,2.95
2017/3/29,3.03
2017/3/30,3.08
2017/3/31,3.13
2017/4/3,3.13
2017/4/4,3.06
2017/4/5,3.22
2017/4/6,3.23
2017/4/7,3.23
2017/4/10,3.15
2017/4/11,3.11
2017/4/12,2.97
2017/4/13,3
2017/4/14,3
2017/4/17,3.09
2017/4/18,3.11
2017/4/19,3.11
2017/4/20,3.13
2017/4/21,3.06
2017/4/24,3.06
2017/4/25,2.99
2017/4/26,3.06
2017/4/27,3.13
2017/4/28,3.2
2017/5/1,3.2
2017/5/2,3.13
2017/5/3,3.14
2017/5/4,3.11
2017/5/5,3.1
2017/5/8,3.06
2017/5/9,3.03
2017/5/10,3.03
2017/5/11,3.23
2017/5/12,3.24
2017/5/15,3.26
2017/5/16,3.27
2017/5/17,3.27
2017/5/18,3.13
2017/5/19,3.11
2017/5/22,3.24
2017/5/23,3.22
2017/5/24,3.22
2017/5/25,3.1
2017/5/26,3.1
2017/5/29,3.1
2017/5/30,3.1
2017/5/31,3.05
2017/6/1,3.05
2017/6/2,2.85
2017/6/5,2.92
2017/6/6,2.92
2017/6/7,3.06
2017/6/8,2.98
2017/6/9,3.03
2017/6/12,3.12
2017/6/13,3.12
2017/6/14,2.95
2017/6/15,2.94
2017/6/16,3.01
2017/6/19,2.87
2017/6/20,2.91
2017/6/21,2.91
2017/6/22,2.88
2017/6/23,2.89
2017/6/26,2.98
2017/6/27,2.99
2017/6/28,3.03
2017/6/29,3.07
2017/6/30,2.98
2017/7/3,2.98
2017/7/4,2.98
2017/7/5,2.98
2017/7/6,2.89
2017/7/7,2.91
2017/7/10,2.92
2017/7/11,2.98
2017/7/12,3.01
2017/7/13,2.96
2017/7/14,2.94
2017/7/17,3.04
2017/7/18,3.11
2017/7/19,3.11
2017/7/20,3.12
2017/7/21,3.06
2017/7/24,2.99
2017/7/25,2.99
2017/7/26,2.92
2017/7/27,2.95
2017/7/28,2.96
2017/7/31,2.87
2017/8/1,2.8
2017/8/2,2.8
2017/8/3,2.76
2017/8/4,2.76
2017/8/7,2.8
2017/8/8,2.81
2017/8/9,2.81
2017/8/10,2.89
2017/8/11,2.96
2017/8/14,3.02
2017/8/15,2.96
2017/8/16,2.94
2017/8/17,2.91
2017/8/18,2.9
2017/8/21,3
2017/8/22,3
2017/8/23,2.94
2017/8/24,2.97
2017/8/25,2.93
2017/8/28,2.95
2017/8/29,2.95
2017/8/30,2.95
2017/8/31,2.92
2017/9/1,2.88
2017/9/4,2.88
2017/9/5,2.88
2017/9/6,2.98
2017/9/7,2.92
2017/9/8,2.88
2017/9/11,2.88
2017/9/12,2.88
2017/9/13,3.02
2017/9/14,3.03
2017/9/15,3
2017/9/18,3.11
2017/9/19,3.18
2017/9/20,3.13
2017/9/21,3.11
2017/9/22,2.93
2017/9/25,2.96
2017/9/26,2.96
2017/9/27,2.98
2017/9/28,2.96
2017/9/29,2.94
2017/10/2,2.94
2017/10/3,2.73
2017/10/4,2.8
2017/10/5,2.8
2017/10/6,2.93
2017/10/9,2.87
2017/10/10,2.89
2017/10/11,2.89
2017/10/12,2.95
2017/10/13,2.99
2017/10/16,2.87
2017/10/17,2.88
2017/10/18,2.81
2017/10/19,2.83
2017/10/20,2.8
2017/10/23,2.95
2017/10/24,2.95
2017/10/25,2.98
2017/10/26,2.91
2017/10/27,2.78
2017/10/30,2.94
2017/10/31,2.84
2017/11/1,2.68
2017/11/2,2.68
2017/11/3,2.75
2017/11/6,3.01
2017/11/7,3.07
2017/11/8,3.16
2017/11/9,3.18
2017/11/10,3.17
2017/11/13,3.13
2017/11/14,3.06
2017/11/15,3.16
2017/11/16,3.09
2017/11/17,3.04
2017/11/20,3.04
2017/11/21,3.05
2017/11/22,3.05
2017/11/23,3.05
2017/11/24,3.05
2017/11/27,2.88
2017/11/28,2.88
2017/11/29,3.06
2017/11/30,3.06
2017/12/1,2.84
2017/12/4,2.91
2017/12/5,2.86
2017/12/6,2.86
2017/12/7,2.81
2017/12/8,2.78
2017/12/11,2.81
2017/12/12,2.87
2017/12/13,2.87
2017/12/14,2.69
2017/12/15,2.6
2017/12/18,2.71
2017/12/19,2.75
2017/12/20,2.72
2017/12/21,2.64
2017/12/22,2.63
2017/12/26,2.68
2017/12/27,2.76
2017/12/28,2.97
2017/12/29,3.69
2018/1/2,6.24
2018/1/3,6.24
2018/1/4,4.65
2018/1/8,2.89
2018/1/9,2.93
2018/1/10,3.16
2018/1/11,3.16
2018/1/12,4.06
2018/1/16,5.46
2018/1/17,3.92
2018/1/18,3.92
2018/1/19,3.2
2018/1/22,3.13
2018/1/23,3.35
2018/1/24,3.54
2018/1/25,3.54
2018/1/26,3.58
2018/1/29,3.6
2018/1/30,3.6
2018/1/31,3.34
2018/2/1,3.06
2018/2/2,2.91
2018/2/5,2.85
2018/2/6,2.75
2018/2/7,2.74
2018/2/8,2.74
2018/2/9,2.66
2018/2/12,2.6
2018/2/13,2.58
2018/2/14,2.53
2018/2/15,2.49
2018/2/16,2.49
2018/2/20,2.61
2018/2/21,2.65
2018/2/22,2.65
2018/2/23,2.58
2018/2/26,2.6
2018/2/27,2.59
2018/2/28,2.66
2018/3/1,2.67
2018/3/2,2.67
2018/3/5,2.7
2018/3/6,2.7
2018/3/7,2.8
2018/3/8,2.8
2018/3/9,2.71
2018/3/12,2.78
2018/3/13,2.76
2018/3/14,2.69
2018/3/15,2.7
2018/3/16,2.62
2018/3/19,2.62
2018/3/20,2.71
2018/3/21,2.74
2018/3/22,2.62
2018/3/23,2.58
2018/3/26,2.63
2018/3/27,2.6
2018/3/28,2.64
2018/3/29,2.81
2018/4/2,2.75
2018/4/3,2.75
2018/4/4,2.81
2018/4/5,2.81
2018/4/6,2.81
2018/4/9,2.78
2018/4/10,2.78
2018/4/11,2.74
2018/4/12,2.76
2018/4/13,2.82
2018/4/16,2.88
2018/4/17,2.84
2018/4/18,2.85
2018/4/19,2.8
2018/4/20,2.78
2018/4/23,2.78
2018/4/24,2.79
2018/4/25,2.81
2018/4/26,2.81
2018/4/27,2.82
2018/4/30,2.75
2018/5/1,2.75
2018/5/2,2.77
2018/5/3,2.75
2018/5/4,2.75
2018/5/7,2.74
2018/5/8,2.77
2018/5/9,2.75
2018/5/10,2.78
2018/5/11,2.75
2018/5/14,2.84
2018/5/15,2.83
2018/5/16,2.85
2018/5/17,2.75
2018/5/18,2.75
2018/5/21,2.77
2018/5/22,2.76
2018/5/23,2.89
2018/5/24,2.88
2018/5/25,2.88
2018/5/29,2.84
2018/5/30,2.83
2018/5/31,2.94
2018/6/1,2.91
2018/6/4,2.89
2018/6/5,2.89
2018/6/6,2.89
2018/6/7,3.02
2018/6/8,2.91
2018/6/11,3
2018/6/12,2.98
2018/6/13,2.98
2018/6/14,2.99
2018/6/15,3.02
2018/6/18,2.99
2018/6/19,2.95
2018/6/20,2.96
2018/6/21,3.08
2018/6/22,2.95
2018/6/25,2.96
2018/6/26,2.98
2018/6/27,3.01
2018/6/28,2.99
2018/6/29,2.96
2018/7/2,2.9
2018/7/3,2.9
2018/7/5,2.91
2018/7/6,2.91
2018/7/9,2.9
2018/7/10,2.9
2018/7/11,2.89
2018/7/12,2.89
2018/7/13,2.86
2018/7/16,2.76
2018/7/17,2.81
2018/7/18,2.8
2018/7/19,2.75
2018/7/20,2.79
2018/7/23,2.79
2018/7/24,2.73
2018/7/25,2.82
2018/7/26,2.82
2018/7/27,2.78
2018/7/30,2.75
2018/7/31,2.82
2018/8/1,2.8
2018/8/2,2.77
2018/8/3,2.86
2018/8/6,2.85
2018/8/7,2.95
2018/8/8,2.99
2018/8/9,3.02
2018/8/10,2.96
2018/8/13,2.92
2018/8/14,3.02
2018/8/15,3.02
2018/8/16,3.02
2018/8/17,3.01
2018/8/20,3.04
2018/8/21,3.01
2018/8/22,3.02
2018/8/23,3.01
2018/8/24,2.99
2018/8/27,2.98
2018/8/28,2.98
2018/8/29,2.96
2018/8/30,2.96
2018/8/31,2.98
2018/9/4,2.96
2018/9/5,3
2018/9/6,2.93
2018/9/7,2.88
2018/9/10,2.9
2018/9/11,2.94
2018/9/12,2.98
2018/9/13,2.94
2018/9/14,2.91
2018/9/17,2.95
2018/9/18,3
2018/9/19,3.11
2018/9/20,3.07
2018/9/21,3.02
2018/9/24,3.04
2018/9/25,3.12
2018/9/26,3.1
2018/9/27,3.05
2018/9/28,3.01
2018/10/1,3.13
2018/10/2,3.14
2018/10/3,3.26
2018/10/4,3.39
2018/10/5,3.25
2018/10/8,3.28
2018/10/9,3.4
2018/10/10,3.45
2018/10/11,3.16
2018/10/12,3.19
2018/10/15,3.26
2018/10/16,3.27
2018/10/17,3.3
2018/10/18,3.28
2018/10/19,3.2
2018/10/22,3.2
2018/10/23,3.28
2018/10/24,3.42
2018/10/25,3.42
2018/10/26,3.27
2018/10/29,3.2
2018/10/30,3.27
2018/10/31,3.31
2018/11/1,3.36
2018/11/2,3.26
2018/11/5,3.53
2018/11/6,3.53
2018/11/7,3.54
2018/11/8,3.54
2018/11/9,3.74
2018/11/12,3.96
2018/11/13,4.1
2018/11/14,4.1
2018/11/15,4.69
2018/11/16,4.3
2018/11/19,4.65
2018/11/20,4.65
2018/11/21,4.7
2018/11/26,4.28
2018/11/27,4.28
2018/11/28,4.5
2018/11/29,4.5
2018/11/30,4.61
2018/12/3,4.4
2018/12/4,4.4
2018/12/5,4.69
2018/12/6,4.44
2018/12/7,4.51
2018/12/10,4.54
2018/12/11,4.53
2018/12/12,4.53
2018/12/13,4.31
2018/12/14,3.99
2018/12/17,3.8
2018/12/18,3.8
2018/12/19,3.64
2018/12/20,3.7
2018/12/21,3.7
2018/12/26,3.42
2018/12/27,3.1
2018/12/28,3.25
2019/1/2,3.25
2019/1/3,2.72
2019/1/4,2.8
2019/1/7,2.74
2019/1/8,2.89
2019/1/9,2.92
2019/1/10,2.95
2019/1/11,2.95
2019/1/14,3.36
2019/1/15,3.54
2019/1/16,3.58
2019/1/17,3.58
2019/1/18,3.43
2019/1/22,3.43
2019/1/23,3.13
2019/1/24,3.13
2019/1/25,3.07
2019/1/28,3.05
2019/1/29,2.94
2019/1/30,3
2019/1/31,2.82
2019/2/1,2.7
2019/2/4,2.57
2019/2/5,2.54
2019/2/6,2.58
2019/2/7,2.62
2019/2/8,2.66
2019/2/11,2.76
2019/2/12,2.71
2019/2/13,2.61
2019/2/14,2.61
2019/2/15,2.59
2019/2/19,2.69
2019/2/20,2.69
2019/2/21,2.73
2019/2/22,2.74
2019/2/25,2.84
2019/2/26,2.74
2019/2/27,2.89
2019/2/28,2.89
2019/3/1,3.19
2019/3/4,4.25
2019/3/5,3.18
2019/3/6,3.18
2019/3/7,2.9
2019/3/8,2.9
2019/3/11,2.86
2019/3/12,2.83
2019/3/13,2.87
2019/3/14,2.95
2019/3/15,2.95
2019/3/18,2.9
2019/3/19,2.92
2019/3/20,2.86
2019/3/21,2.86
2019/3/22,2.75
2019/3/25,2.72
2019/3/26,2.74
2019/3/27,2.69
2019/3/28,2.69
2019/3/29,2.73
2019/4/1,2.73
2019/4/2,2.76
2019/4/3,2.74
2019/4/4,2.66
2019/4/5,2.62
2019/4/8,2.72
2019/4/9,2.71
2019/4/10,2.72
2019/4/11,2.72
2019/4/12,2.75
2019/4/15,2.75
2019/4/16,2.66
2019/4/17,2.55
2019/4/18,2.54
2019/4/22,2.61
2019/4/23,2.53
2019/4/24,2.53
2019/4/25,2.54
2019/4/26,2.58
2019/4/29,2.58
2019/4/30,2.59
2019/5/1,2.59
2019/5/2,2.63
2019/5/3,2.59
2019/5/6,2.54
2019/5/7,2.54
2019/5/8,2.64
2019/5/9,2.62
2019/5/10,2.64
2019/5/13,2.71
2019/5/14,2.7
2019/5/15,2.69
2019/5/16,2.62
2019/5/17,2.61
2019/5/20,2.7
2019/5/21,2.73
2019/5/22,2.73
2019/5/23,2.56
2019/5/24,2.6
2019/5/28,2.65
2019/5/29,2.69
2019/5/30,2.69
2019/5/31,2.59
2019/6/3,2.5
2019/6/4,2.45
2019/6/5,2.45
2019/6/6,2.4
2019/6/7,2.43
2019/6/10,2.42
2019/6/11,2.41
2019/6/12,2.43
2019/6/13,2.43
2019/6/14,2.37
2019/6/17,2.46
2019/6/18,2.44
2019/6/19,2.43
2019/6/20,2.38
2019/6/21,2.27
2019/6/24,2.31
2019/6/25,2.31
2019/6/26,2.34
2019/6/27,2.32
2019/6/28,2.42
2019/7/1,2.33
2019/7/2,2.3
2019/7/3,2.29
2019/7/8,2.39
2019/7/9,2.41
2019/7/10,2.49
2019/7/11,2.54
2019/7/12,2.54
2019/7/15,2.53
2019/7/16,2.53
2019/7/17,2.44
2019/7/18,2.38
2019/7/19,2.3
2019/7/22,2.33
2019/7/23,2.34
2019/7/24,2.33
2019/7/25,2.26
2019/7/26,2.23
2019/7/29,2.23
2019/7/30,2.22
2019/7/31,2.28
2019/8/1,2.36
2019/8/2,2.12
2019/8/5,2.02
2019/8/6,2.15
2019/8/7,2.18
2019/8/8,2.13
2019/8/9,2.09
2019/8/12,2.21
2019/8/13,2.24
2019/8/14,2.22
2019/8/15,2.19
2019/8/16,2.2
2019/8/19,2.26
2019/8/20,2.35
2019/8/21,2.31
2019/8/22,2.28
2019/8/23,2.15
2019/8/26,2.23
2019/8/27,2.24
2019/8/28,2.24
2019/8/29,2.36
2019/8/30,2.33
2019/9/3,2.39
2019/9/4,2.48
2019/9/5,2.49
2019/9/6,2.49
2019/9/9,2.65
2019/9/10,2.67
2019/9/11,2.63
2019/9/12,2.62
2019/9/13,2.61
2019/9/16,2.75
2019/9/17,2.7
2019/9/18,2.72
2019/9/19,2.65
2019/9/20,2.34
2019/9/23,2.55
2019/9/24,2.55
2019/9/25,2.54
2019/9/26,2.57
2019/9/27,2.41
2019/9/30,2.37
2019/10/1,2.36
2019/10/2,2.36
2019/10/3,2.31
2019/10/4,2.25
2019/10/7,2.36
2019/10/8,2.29
2019/10/9,2.26
2019/10/10,2.26
2019/10/11,2.13
2019/10/14,2.13
2019/10/15,2.29
2019/10/16,2.44
2019/10/17,2.29
2019/10/18,2.08
2019/10/21,2.13
2019/10/22,2.21
2019/10/23,2.34
2019/10/24,2.33
2019/10/25,2.26
2019/10/28,2.49
2019/10/29,2.61
2019/10/30,2.71
2019/10/31,2.73
2019/11/1,2.54
2019/11/4,2.77
2019/11/5,2.77
2019/11/6,2.82
2019/11/7,2.84
2019/11/8,2.87
2019/11/11,2.87
2019/11/12,2.72
2019/11/13,2.66
2019/11/14,2.68
2019/11/15,2.7
2019/11/18,2.64
2019/11/19,2.53
2019/11/20,2.56
2019/11/21,2.53
2019/11/22,2.62
2019/11/25,2.51
2019/11/26,2.51
2019/11/27,2.46
2019/11/29,2.46
2019/12/2,2.29
2019/12/3,2.42
2019/12/4,2.43
2019/12/5,2.42
2019/12/6,2.31
2019/12/9,2.17
2019/12/10,2.18
2019/12/11,2.28
2019/12/12,2.28
2019/12/13,2.28
2019/12/16,2.34
2019/12/17,2.3
2019/12/18,2.26
2019/12/19,2.21
2019/12/20,2.27
2019/12/23,2.17
2019/12/24,2.11
2019/12/26,2.09
2019/12/27,1.75
2019/12/30,2.06
2019/12/31,2.09
2020/1/2,2.05
2020/1/3,2.06
2020/1/6,2.1
2020/1/7,2.17
2020/1/8,2.09
2020/1/9,2.05
2020/1/10,2.05
2020/1/13,2.03
2020/1/14,2.15
2020/1/15,2.01
2020/1/16,2.06
2020/1/17,2.07
2020/1/21,1.98
2020/1/22,1.89
2020/1/23,1.95
2020/1/24,1.91
2020/1/27,2.03
2020/1/28,1.96
2020/1/29,1.93
2020/1/30,1.94
2020/1/31,1.91
2020/2/3,1.9
2020/2/4,1.89
2020/2/5,1.89
2020/2/6,1.86
2020/2/7,1.93
2020/2/10,1.85
2020/2/11,1.85
2020/2/12,1.91
2020/2/13,1.95
2020/2/14,1.93
2020/2/18,2.04
2020/2/19,2.01
2020/2/20,1.98
2020/2/21,1.96
2020/2/24,1.94
2020/2/25,1.93
2020/2/26,1.96
2020/2/27,1.78
2020/2/28,1.79
2020/3/1,1.79
2020/3/2,1.75
2020/3/3,1.78
2020/3/4,1.83
2020/3/5,1.89
2020/3/6,1.76
2020/3/8,1.76
2020/3/9,1.74
2020/3/10,1.91
2020/3/11,1.96
2020/3/12,1.82
2020/3/13,1.94
2020/3/15,1.94
2020/3/16,1.89
2020/3/17,1.89
2020/3/18,1.73
2020/3/19,1.68
2020/3/20,1.76
2020/3/22,1.76
2020/3/23,1.7
2020/3/24,1.73
2020/3/25,1.8
2020/3/26,1.73
2020/3/27,1.7
2020/3/29,1.7
2020/3/30,1.65
2020/3/31,1.71
2020/4/1,1.69
2020/4/2,1.55
2020/4/3,1.5
2020/4/6,1.64
2020/4/7,1.83
2020/4/8,1.86
2020/4/9,1.74
2020/4/13,1.86
2020/4/14,1.76
2020/4/15,1.68
2020/4/16,1.59
2020/4/17,1.71
2020/4/20,1.78
2020/4/21,1.92
2020/4/22,1.9
2020/4/23,1.86
2020/4/24,1.81
2020/4/27,1.68
2020/4/28,1.8
2020/4/29,1.73
2020/4/30,1.63
2020/5/1,1.63
2020/5/4,1.69
2020/5/5,1.78
2020/5/6,1.9
2020/5/7,1.84
2020/5/8,1.74
2020/5/11,1.7
2020/5/12,1.61
2020/5/13,1.56
2020/5/14,1.6
2020/5/15,1.66
2020/5/18,1.77
2020/5/19,1.85
2020/5/20,1.83
2020/5/21,1.75
2020/5/22,1.7
2020/5/26,1.79
2020/5/27,1.78
2020/5/28,1.79
2020/5/29,1.7
2020/6/1,1.59
2020/6/2,1.58
2020/6/3,1.84
2020/6/4,1.68
2020/6/5,1.8
2020/6/8,1.68
2020/6/9,1.68
2020/6/10,1.72
2020/6/11,1.77
2020/6/12,1.67
2020/6/15,1.64
2020/6/16,1.43
2020/6/17,1.55
2020/6/18,1.51
2020/6/19,1.49
2020/6/22,1.64
2020/6/23,1.61
2020/6/24,1.64
2020/6/25,1.53
2020/6/26,1.42
2020/6/29,1.67
2020/6/30,1.76
2020/7/1,1.69
2020/7/6,1.71
2020/7/7,1.76
2020/7/8,1.78
2020/7/9,1.88
2020/7/10,1.79
2020/7/13,1.75
2020/7/14,1.74
2020/7/15,1.76
2020/7/16,1.79
2020/7/17,1.79
2020/7/20,1.71
2020/7/21,1.66
2020/7/22,1.69
2020/7/23,1.75
2020/7/24,1.77
2020/7/27,1.85
2020/7/28,1.83
2020/7/29,1.77
2020/7/30,1.81
2020/7/31,1.83
2020/8/3,1.95
2020/8/4,2.07
2020/8/5,2.23
2020/8/6,2.26
2020/8/7,2.15
2020/8/10,2.18
2020/8/11,2.19
2020/8/12,2.05
2020/8/13,2.19
2020/8/14,2.23
2020/8/17,2.32
2020/8/18,2.45
2020/8/19,2.43
2020/8/20,2.35
2020/8/21,2.39
2020/8/24,2.57
2020/8/25,2.54
2020/8/26,2.52
2020/8/27,2.52
2020/8/28,2.46
2020/8/31,2.3
2020/9/1,2.22
2020/9/2,2.15
2020/9/3,2.32
2020/9/4,1.8
2020/9/8,2.35
2020/9/9,2.21
2020/9/10,2.13
2020/9/11,1.93
2020/9/14,2.18
2020/9/15,2.19
2020/9/16,2.06
2020/9/17,1.65
2020/9/18,1.56
2020/9/21,1.33
2020/9/22,1.49
2020/9/23,1.74
2020/9/24,1.93
2020/9/25,1.9
2020/9/28,1.83
2020/9/29,1.74
2020/9/30,1.66
2020/10/1,1.6
2020/10/2,1.41
2020/10/5,1.92
2020/10/6,1.86
2020/10/7,
2020/10/8,
2020/10/9,
2020/10/10,
2020/10/11,
2020/10/12,
2020/10/13,
2020/10/14,
2020/10/15,
2020/10/16,
2020/10/17,
2020/10/18,
2020/10/19,
2020/10/20,
2020/10/21,
2020/10/22,
2020/10/23,
2020/10/24,
2020/10/25,
2020/10/26,
2020/10/27,